Word,Frequency
annecim,181
gel,208
hadi,265
çiz,9
bakalım,256
yaz,29
otur,91
aa,31
ee,27
değil,129
yaptın,88
bıktın,2
ya,66
bunlardan,1
gerçi,2
Özge,267
bak,370
şimdi,213
sen,954
bunla,5
çizebilirsin,2
bu,901
yıkanabilir,1
bakayım,180
efendim,77
bunu,133
yıkanıyor,1
tut,51
dur,62
burnunu,8
sileceğim,2
burnun,15
akmış,9
öp,60
öpücük,16
istiyorum,20
ben,293
de,184
seni,76
öpecem,1
beni,38
ama,221
bende,14
sarıl,37
hoppaa,3
su,85
içer,62
misin,18
hayır,73
lütfen,35
kızım,263
kaçıyor,3
valla,2
benden,3
iç,16
al,123
yazalım,3
bunun,31
üzerine,7
çok,260
güzel,178
bir,368
mama,47
ister,6
yiyecen,2
tamam,121
burada,35
bekle,4
alkış,14
kim,481
çıkmış,14
yüzüne,13
sürme,3
üzerini,1
çizme,3
şuraya,13
alacak,9
mısın,9
hepsini,16
dökersin,2
burnu,8
da,196
yavaş,28
almıyorum,3
heryeri,1
çizdin,2
kuş,51
hani,124
nerde,269
kapat,17
düştü,38
evet,189
severdin,6
göz,33
burun,17
saç,24
göster,45
şu,42
altında,10
düşme,5
gözü,9
bunda,12
başka,308
birşey,110
yok,135
zaten,10
ağız,8
kulak,14
açmışsın,1
dakka,5
lamba,4
kapı,7
koltuk,1
televizyon,15
ayakkabı,8
soba,5
afferin,9
kızıma,49
her,11
yer,39
çıkmaz,7
o,414
yaşa,4
aktı,3
heryerde,2
mendilimiz,1
var,415
heryere,2
yaydın,1
ağırlaşmışsın,2
sırtıma,20
çıkacak,4
Hani,1
yüzüme,3
kalemi,6
kalkacağız,1
kalkıyoruz,2
bırakma,4
düşersin,24
sakın,6
ay,48
atma,7
kendini,3
arkaya,2
hav,15
saçıma,2
sürdün,1
hep,11
sümüğünü,1
jöleleme,1
kalk,33
şey,25
gibi,25
beton,1
ver,53
bana,282
koluna,3
tak,17
yakıştı,2
Özgeye,4
sana,246
bay,2
gidiyor,37
musun,9
hoşgeldin,6
yapardın,2
kapıya,1
vururdun,1
yap,89
ne,2562
veriyorsun,3
kutu,7
pense,1
oynayalım,15
mı,291
oldu,106
yaparsın,42
oyna,14
hop,12
üstünü,5
kağıdı,2
nereye,207
attın,7
çizeyim,11
biraz,66
çizecem,1
dakika,24
birşeye,2
benzetebilirsen,1
çocuk,46
benzetemiyor,1
ki,48
attı,1
oynardın,1
seviyorsun,29
hoppa,7
istemiyorum,9
diyor,27
ayaktasın,1
nasıl,474
bakıyor,4
varmış,44
açayım,5
belki,12
dokunursa,1
kreşten,1
geldi,66
herşeyi,2
diye,35
algılıyor,1
bebek,79
harika,1
teşekkür,9
edelim,2
yapalım,34
silindi,1
silelim,2
tekrar,8
he,2
onlar,74
çıktı,21
gördün,17
mü,49
kalemden,1
vazgeçemez,1
buraya,93
diğeri,2
aferin,131
orda,76
oraya,30
çıkardın,1
ordan,22
sildim,1
bebeği,18
öptün,4
yapacağız,17
Özgecim,22
çek,4
çıkarmaya,2
çalışıyor,12
hepsi,8
yere,19
sığar,3
şöyle,13
üstüne,32
koyalım,20
özge,4
olmaz,23
işte,88
sormuyorsun,1
burda,112
vardı,18
yapıyorsun,125
altına,11
düşürdün,1
biri,2
savurdun,1
arada,7
burday,1
mış,2
yazdın,3
kalemin,5
nerede,86
kalem,16
hiç,117
dayanamazsın,1
kaleme,1
biliyorum,8
almadın,1
koy,86
mi,355
tutulmaz,2
annem,28
hayalet,1
tane,79
daha,88
alınmaz,2
araba,46
gördünmü,78
ayı,12
sabırsız,1
açıyorum,2
top,56
değilmi,151
bunlar,99
yiyecek,6
kediler,96
miyav,11
öptünmü,3
kedileri,12
kalkma,2
burdada,6
birşeyler,10
yapıyor,284
bular,1
kedi,75
ayakkabılarıda,1
oynuyor,23
değişik,3
dede,11
burdaevet,1
çiçek,14
bakl,1
ayakkabısı,1
horoz,4
üürü,4
kaşık,12
dikkatli,3
sakal,1
sayfada,2
eşek,6
burdakilerin,1
hiçbirini,1
bilmiyorsun,14
uçak,17
motorsiklet,1
tren,5
gemi,12
boyayalım,3
biz,44
kediyi,6
yapma,22
saçı,4
onu,166
getir,30
birlikte,5
şuna,4
buda,5
anney,1
miş,2
ayağında,3
ağbide,1
ağaç,8
göstereyim,2
oturalım,3
birde,1
böyle,118
yanıma,18
havhav,1
kadarda,2
mamayı,2
bna,1
aşağı,9
in,13
düşersen,3
karışmıyorum,1
zaman,319
bitti,28
çün,2
kü,2
döküyorsun,2
seviyorum,16
sende,21
senin,333
benim,103
sıcak,19
gelirmisin,5
ağzını,21
sil,25
yüzünüde,1
yüzünü,8
kolonya,3
süreyüm,1
elini,11
aç,24
sür,14
çabuk,9
yüüne,1
elinde,8
az,4
birazcık,13
yüzünede,1
sürüyorum,1
süslü,1
sensin,5
değilim,1
ağlayarak,1
yaptırmazsın,1
döküldü,1
yeter,7
bitiremeyiz,1
elleme,4
bizim,21
çanta,3
seviyormusun,62
baba,98
gitti,54
aşağıya,9
götürme,1
halin,2
varsa,2
gör,1
öyle,96
attım,3
olurmu,22
pis,16
oldun,7
yakaladım,7
getireyimmi,4
yermisin,5
iki,39
üç,28
indir,4
it,2
vereceğim,10
kafanı,2
kaldır,3
köpeğe,2
kucağıma,15
saçları,6
kaşı,3
tüylerini,2
çıkarma,9
iyice,6
sıkıca,1
yapalımmı,4
köpeği,8
senmi,1
yatacağından,1
buna,19
köpek,74
sıkı,7
basacaksın,1
basma,3
basabilirsin,1
bas,20
gidiyoruz,16
tatlı,10
oturma,1
kaş,6
ağzı,8
yanak,2
çıkar,13
vurma,15
cici,48
çıkaralım,4
içine,87
orayı,2
taktın,4
takacam,1
sakız,5
kazık,1
çokmu,2
güzelmi,2
yut,6
ağzındakinide,1
içermisin,9
nefis,10
acıdı,15
ağzında,4
kini,3
bitirir,1
ağbi,7
abla,25
gördüm,12
süt,37
ağbisi,2
ye,6
kızımla,1
annen,174
becerik,1
lidir,1
açalım,7
döküyor,2
dursun,22
ablayla,1
çırpalım,1
verecem,16
karıştır,13
şeker,11
atalımmı,1
sayalım,12
dört,17
dökelimmi,1
senkarıştır,1
karıştırıyor,2
pişireceğiz,2
çorba,11
karıştırmıyorsun,1
ik,2
döküyoruz,2
tencereye,1
hoppala,1
pişirelim,2
karıştıracaksın,1
tahta,4
vereyim,23
tencerey,1
zor,9
tutarsın,1
say,24
göstereceğim,2
dibini,2
tutar,2
hemen,8
karıştırmamız,1
lazım,23
tutsun,2
sıçrarsa,1
yanarsın,3
yapıyoruz,7
içinde,52
olacak,24
tutmasıb,1
sıçramasın,1
tutuyorum,2
şarkıda,1
söyleyelim,7
saymıyorsun,1
tarifinide,1
annenle,6
hamaratız,1
tükürme,1
nerden,57
bitmedi,2
yemeğimiz,1
mamamı,1
yiyeceksin,4
yandım,1
Ayça,2
Bora,3
saydınmı,2
bunları,38
beş,15
altı,8
yedi,12
olduğu,6
kadar,29
artık,37
kaselere,1
verirmisin,12
çorbamızı,1
diyordun,3
önceden,1
ney,5
di,11
onun,59
adı,23
makas,1
tehlike,1
li,1
ağbiyle,1
ablaya,3
yapıyorlarmış,3
fil,6
söyleyemezsin,1
gelse,2
görürsün,4
ev,22
tanımıyorsun,4
peki,444
anahtar,2
kapıyı,5
açıyoruz,1
kilitliyoruz,1
inek,12
şemsiye,6
yemek,68
yıldız,2
dondurma,2
neydi,10
hatırla,1
sandalye,4
kurbağa,3
anlamadım,10
ateşin,2
varmı,212
ateşide,1
oturdu,2
sarı,27
kırmızı,27
mavi,13
yeşil,8
parmaklarını,2
bakıyım,14
takıyordun,2
öbürünüde,2
parmak,8
durur,3
denmez,2
bunuda,3
aşkım,41
Özgenin,9
kaşığı,5
kötü,12
önce,11
halledelim,1
maması,3
bebeğim,20
akıllıy,1
olsun,36
anladın,1
tabiiki,2
olduğunu,6
tam,3
yatman,1
lazımki,1
cebine,1
koydum,5
beklermisin,2
alacağım,2
beklesen,1
olur,64
oynaman,2
için,50
yapıyordun,5
bardaklar,2
vereyimmi,11
birazda,1
bal,3
veremem,2
acı,1
canım,144
silecem,2
yumoş,3
sanna,1
istiyorsun,52
elime,2
çizdim,2
saat,12
çizeyimmi,1
çizelim,3
çizelimmi,1
çiziyorum,1
çıkarayım,3
kollarını,1
aşağıyıda,1
rahatla,1
gez,3
geliyorum,3
tutmak,1
istermisin,18
yanıyorsun,1
dişine,3
bakacağım,1
bakmıyorum,1
çizmemki,1
çiziyoruz,1
Doğaya,3
gidemeyiz,4
pasta,18
getireceğim,3
kaşıkmı,1
çık,21
bırakmadan,1
gidelim,6
baktınmı,2
silmiyorum,1
dolaba,1
kaldırayım,3
televizyona,1
bakalımmı,4
tatlıymış,1
Doğayamı,1
Doğa,2
koş,13
öpermisin,3
yorulurum,1
yazık,41
anneye,17
yanağımdan,2
kuşları,11
söyle,164
mini,4
söylermisin,8
buralardan,1
gıdıklanıyorsun,1
dimi,21
memişler,2
buldum,10
özür,1
dilerim,1
düştün,3
akıllı,12
düşeceksin,5
yat,1
eeyaparmısın,1
haydi,2
anne,91
eeyapacak,3
yapayım,6
birtanem,2
saçımı,11
çekme,6
yattım,1
bırak,9
acıyor,16
dudaktan,1
yanaktan,1
bırakırmısın,2
uykum,3
ısırma,3
güzelsin,1
saçlarımı,3
şeyi,5
konmuştu,1
ağzına,16
sokma,3
kulağım,1
kulağın,3
ağrıyo,1
adın,8
babanın,15
hophop,1
neden,42
söylemiyorsun,3
annenin,14
terliği,1
yoruldum,7
burdayım,3
tatlısın,6
yoruldun,1
çay,12
getiriyor,14
ol,9
olmadın,1
içiyorum,1
kimin,30
yerine,12
kaşığın,1
veriyoruz,1
tepsiye,3
türlü,2
soğumadı,1
terlemişsin,3
anneyi,12
koyacaksın,13
çayını,2
klibe,1
filan,12
bakmıyor,1
bazı,2
sevdiği,3
klipler,1
söylüyor,3
oyuncakların,9
bıkmış,1
aaa,9
an,1
merak,2
etti,1
kamerayı,3
kurcalayacak,1
saçların,7
olmuş,34
yapıştı,3
yine,9
birini,2
görünce,4
kaldık,1
çekildiğinin,1
farkında,1
poz,1
veriyor,6
naz,1
oyuncağını,3
öpüyordun,1
aşkim,1
bakayim,1
farkli,1
davranmaya,1
başladı,1
içeriye,1
gideyim,3
geleyim,4
serbest,1
kalsın,1
hıh,16
kıs,1
Soner,1
istersen,31
evvel,1
oynuyordu,3
kızımın,5
topu,31
içecekmisin,1
içmeyecekmiş,1
yakala,3
gün,8
zıplıyor,1
hopluyordu,1
davranıyor,1
köşede,2
duruyor,14
yapmıyor,1
dikkatini,1
çekti,1
orada,22
ederim,6
götür,5
yerde,8
oturayım,1
oynuyoruz,10
sever,4
at,37
gözleri,6
garip,2
yani,8
halbuki,2
en,20
yapışır,1
inecen,1
kalkmak,1
istedi,3
desen,1
hem,10
istiyor,3
tamammı,6
şımar,1
sevdikleri,1
kudurmak,1
çıkıyor,8
sumu,1
içeceksin,3
mu,79
sürerim,1
oh,4
takılır,1
içmiyorsun,1
içebilirsin,1
taktınmı,1
kafana,3
kovboylar,1
klozet,1
kapak,1
lı,2
kovboy,4
incemi,1
deviriyoruz,1
ayakkabını,1
rahat,2
bebeğime,7
renk,63
karıştırdın,2
dizelim,8
sayacağız,1
sayıyordun,2
kırmızıyıda,1
çıkarıyoruz,1
fili,1
koyacağız,2
hatta,2
araya,1
koyalımda,1
düşmesin,4
kuşu,5
gemiy,1
gemiye,6
otursun,10
sürelim,1
küçük,32
değildi,2
kırılır,4
alıyorum,4
geldim,7
fırlattık,1
tuttuk,1
saklayalım,3
sakladım,4
kakamı,1
buldunmu,1
sakla,12
kapatıyorum,2
gözümü,2
bakıyorum,2
tarafa,9
gitmiş,9
düşerse,1
saklama,2
saklayayım,1
burdamıymış,1
görmeyeceğim,1
renkti,5
dönelim,1
şarkını,1
hangi,52
şarkıyı,1
söyleyeceksin,5
hikaye,18
anlatacağım,1
seviyordun,2
gelmedik,1
masal,22
anlat,171
anlatırmısın,10
yokmuş,11
yapmış,30
sonra,165
ufolmamış,1
kurt,43
demiş,8
ellerin,1
büyük,41
hastamı,1
siyah,4
siyahı,1
unutmuşsun,1
tırnak,3
oje,4
sürülmüş,1
kol,2
bacak,1
çene,1
anladım,2
ayak,1
çalışma,1
hasta,3
olursun,2
çorap,1
yapayımmı,2
eeyapacağım,1
yapacakmısın,3
koyma,6
amaçlı,1
yavrum,5
resimde,4
bisiklet,3
gelmedi,4
gelecek,6
eeyapacakmısın,2
eeyapamazsın,1
yoksa,8
sabahın,1
beşinde,1
kalkarsın,2
gelince,12
saklanırız,1
zile,1
basıyordu,1
gidip,5
saklanıyordun,1
yapacak,4
kendi,15
eeyapıyor,1
babayı,13
anlayamadım,1
adım,2
kimdim,1
değilmiydim,1
zebra,6
felaket,2
burnum,1
dolu,5
dışarı,14
akmıyor,1
yanakmı,1
yumuşaksın,1
ruj,7
halıya,1
yapıştırmışsın,1
kasık,1
söyleyemedim,1
kafanada,1
geçir,1
oturamam,1
oturuyorum,1
masa,5
sık,7
şundan,1
konmuş,1
iyi,23
geceler,6
dedinmi,4
bebeğe,5
salla,4
gözlerini,4
bebeğin,21
Ayşemi,1
Ayşe,12
uyu,1
dandini,7
dandiniyi,1
yapacaksın,25
buradamı,1
sallayacaksın,1
kaka,8
yapmışmı,1
kokla,1
yapsın,7
temizle,1
biçim,3
vuruyorsun,7
seninle,18
oynamıyorum,3
küstüm,4
yatsın,2
konuşmam,1
demedin,1
sallayalım,1
oturacağım,1
hava,5
güneş,9
olunca,10
ban,1
bunlarla,2
uzun,5
dır,2
oynamıyorsun,8
çıkaralımmı,2
biliyorsun,19
geçmediğini,1
koymayacaksın,2
olmadı,6
açayımmı,2
açalımmı,1
sekiz,4
dokuz,3
on,2
takalım,7
oturuyoruz,5
kafan,2
kırlır,1
otururmusun,2
konuşmuyorum,6
gelme,12
sarılmayacağım,1
konuşma,3
benimle,3
kucak,10
güzelim,4
sarılmıyorum,1
Özgeyle,2
yastığa,1
sarılıyorum,1
yatayım,1
yatalım,2
yatalımmı,1
yatmıyorum,3
çekildim,1
yatıyorumda,1
sallamıyorsun,1
sarılma,1
kızın,2
sürüyorsun,5
pembe,7
ayağına,4
kabak,1
kabağa,1
sevdin,3
korktun,2
hatırladın,2
hatırlandın,1
kimdi,4
snoopy,1
takabilir,1
takayım,3
Kermit,1
sevmedin,1
küstü,1
hı,74
kulağa,1
benzemiyor,2
buradan,7
geçmez,3
geçer,11
geçebilir,2
açacak,2
atacaksın,3
atalım,1
öbür,5
taraftan,2
takacaksın,6
ondan,29
pili,2
bitmiş,1
güzeldi,1
içecek,6
yuttun,1
ağzındakini,3
yememişsin,2
herhalde,18
acıkmışsın,1
miden,1
bulanır,1
kırma,2
arkada,2
çeviriyor,1
niye,335
öpmüyorsun,1
öpecekmisin,3
buralarda,2
küçüksün,1
Bengisu,1
Özgeyi,1
dedeyi,2
bulayım,3
düzeltiyor,1
yandan,1
ters,12
özlemiş,2
yan,4
tuttun,1
ilginç,2
fotoğraf,1
bulmam,1
kendinden,2
hoşlanmadı,1
aman,9
kırıştırdın,1
baktım,4
kaldırıyorum,2
acaba,39
tanımadığı,1
kıskanıyor,1
kaldıralım,4
sa,1
halledeceksin,1
kaldırdım,2
öpsün,3
ötmez,1
ötenlerden,1
üfledin,1
oyun,27
içilmez,1
ördekleri,1
ayıcık,1
ayıcığın,1
gözünü,5
geri,3
alma,3
hıhı,5
parmağını,4
sokardın,1
deliği,1
silindirle,1
oyunuyordu,1
sabah,22
atıyordun,2
girmez,6
sığmaz,2
girmiyor,2
kopardın,2
atmıyorsun,3
bırakmıyorsun,3
takıldı,1
şansına,1
dedi,15
çıkaracağım,1
çıkmıyor,3
geçecek,3
geçmedi,2
dene,4
geçti,7
sıkışıyor,1
geçmezdi,1
sıkştı,1
sıkıştı,3
olmuyor,2
mecburen,2
üfür,2
geçiyor,11
galiba,16
bayağı,5
sıkışık,1
vur,2
sıkıştır,2
bastır,2
gerçekten,1
bıraktım,1
şunu,7
sinirleniyor,1
geçmedikçe,1
geçmiyor,1
geçmiyormuş,1
ancak,2
bundan,3
gücün,1
yetmez,1
ufolur,1
koşarsan,1
bacaklarına,1
çizmişsin,1
yerini,3
çişin,6
geldimi,16
çiş,8
yapmayacaktın,1
oturmuyorum,2
üzüyorsun,2
pastamı,2
yiyorsun,8
acıktınmı,2
çantanı,1
çantana,2
çantasında,1
taş,8
doldurmuşsun,1
bununla,3
havalar,1
kime,44
cevap,11
vermiyorsun,6
yaparsan,8
kızarım,4
dişlerine,1
dişin,1
çıkmışmı,1
çıkmamış,1
vuracaksın,2
oturacaksın,2
olma,1
koyuyoruz,4
almıyorsun,1
ata,16
biniyorsun,1
atı,5
yenmez,1
atına,2
sallarım,1
binmiyorsun,1
tuvalate,1
gidecekmisin,2
götürüyorsun,3
götürüyorum,2
atını,1
bebeklere,8
annesi,20
ağzın,2
konuşamazsın,1
tırnakları,2
kesiliyor,1
oyuncaklar,7
üzüm,4
ördek,8
Ahmetin,1
ördeğimi,1
biliyordun,2
söylüyordun,1
bardağın,2
tanımıyorum,5
arıyorum,3
sabırlı,1
meyvesuyu,1
yapıyormuş,13
bebekler,8
dişini,1
oturuyor,38
ve,4
gülüyor,2
uzanacak,1
annesine,1
demişki,1
yaptım,10
anneside,1
halt,1
ettin,2
sayfa,1
elbise,7
giymiş,3
yiyor,11
koymuş,4
kaşıkla,2
tencere,1
pencere,2
hemde,1
öptüm,1
uzanmış,1
oyuncaklarıyla,2
ablanın,4
saçını,11
tarıyor,2
giydiriyor,1
bebekmiş,1
nerdesiniz,1
babası,14
kulağını,1
elliyor,1
içiyor,14
sürmüş,2
muz,2
yapmadığın,1
eeyapacakmış,1
balon,12
renkleri,2
öpeyimmi,3
kızımı,9
öpeceğim,1
yatağı,5
annesinin,5
sırtına,2
yaramaz,2
memesini,1
emiyor,2
nerdey,2
oyuncak,16
güzelmiş,16
ablayı,2
ablasının,2
kucağına,3
yaşasın,1
burası,22
bunlarda,1
oyuncakları,8
ağlama,3
ağlıyor,9
acıkmış,1
bebekte,1
kucağında,3
bebekde,1
bakıyorduk,2
balkona,2
çıkamayız,1
pilav,3
hiçbir,2
konusunda,1
dediğini,3
duymadım,4
hastasında,1
öksürüyorsunda,1
acıyan,1
yeri,2
geçsin,1
canımı,1
acıtıyorsun,1
düşecen,1
düş,2
gıdıklandın,1
gıdıklanıyormusun,1
tuvalete,1
popona,1
yapacağım,6
biniyorum,5
bin,3
sallıyorum,1
kendine,3
sallansın,1
dişinmi,1
güle,8
dönüp,1
dolaşıp,1
geleceksin,1
kolunu,4
ufoldu,1
atın,4
bilmiyoruz,1
çıkarırmısın,1
ağzından,5
diş,1
patlatıyorsun,2
kaşlarını,2
yapabilirsin,1
oturdum,1
oturmadın,1
teyze,21
kızacak,2
bunların,8
çoğunu,1
tanıyacağın,1
elma,4
neyi,42
tanıyabilirsin,1
üstüste,1
koyaıım,2
hoşuna,3
gitmiyor,2
baştan,2
hangisi,42
ayakkabımı,1
defa,2
yanyana,3
bozuyorsun,2
elim,2
çarpmadan,1
kuzu,15
me,3
yapıyorsan,2
dolduralım,1
öyleyse,8
kutusuyla,1
oynuyorsun,54
meğer,1
yaptı,35
getiriyorum,2
doldur,3
sabrın,1
mö,1
akıyor,3
çarpacak,1
kafayı,2
yapıyorduk,3
kalmıştık,1
kutunun,8
üzerinde,1
koyayım,10
kaldıralımmı,3
herkes,3
dedin,16
alo,6
açılıyormuş,1
bunlarıda,1
onudamı,1
burnunumu,1
sileceksin,2
arayalım,1
kıracaksın,3
içinemi,1
gülegüle,1
baybay,1
gidiyorsun,34
kolunamı,1
oynama,4
oynuyorum,2
bozma,1
numara,1
aşkıma,4
göremedin,1
tarafta,4
çantayı,3
aklına,1
çağır,2
Hi,1
bebeğimin,1
kolonyası,2
önüne,5
sermedik,1
Mmm,1
çalıyor,6
hi,2
ooo,2
kulağı,2
müzikte,1
aslında,2
yedikten,2
üstündekileri,1
yuttunmu,1
yutmadın,1
sokulmaz,1
ah,24
döktük,2
silmeyeceğim,1
yemiyor,2
deneyelim,2
0bardağı,1
bardağa,1
sileyim,1
vermiyorum,1
iniyoruz,2
müziği,2
seviyor,6
0crisps,1
koydun,13
verir,3
atılır,1
ağza,1
0televizyonda,1
alabilirsin,5
inecek,1
mamadan,2
ayağa,5
topumu,1
buldun,4
topuymuş,1
topun,32
oyunu,19
atıyorum,1
havadan,1
ayağınla,2
elinle,6
çıkmayacak,1
sarılalım,2
ağzıma,2
şarkı,14
atmı,1
atmıy,1
dı,1
mıydı,5
yaptık,12
taraftakinimi,1
göstereceksin,1
kiler,1
0alma,1
babaanne,6
uyuyor,21
O,1
Tarkan,3
Tarkanmı,1
bugün,43
okulda,18
söyledinmi,1
söylemedin,2
yedinmi,6
arkadaşlarınla,3
oynadınızmı,2
özledinmi,4
başlık,1
kızı,3
özledim,8
arkadaşların,19
eve,30
ağbiyi,1
tutturamıyorum,1
bakaıym,2
çorbayı,1
severki,1
tırbnak,1
sürmüşler,1
tırnağına,1
kocaman,14
yiyebilir,1
ağbimi,1
dökülür,2
sallıyordun,1
kıvırıyordun,1
koyulmayacağını,1
yakaladın,1
yeme,2
yemiyorsun,2
soruyorum,9
suruyorsun,1
şişe,2
değilmiymiydi,1
şarkısı,2
oynuyordun,3
yapmadım,1
yaptınmı,6
şortunu,1
şort,1
sayıyoruz,1
sayıyorum,1
beyaz,4
turuncu,4
mor,3
almıyourm,1
beyazı,2
kırmızıyı,3
sarıyı,1
yeşili,1
indirelimmi,1
yaparmısın,21
kızdım,1
fıstık,3
topla,3
sıkıyorsun,1
elin,3
yüzün,1
rujumu,1
siliyorum,2
atarım,1
çöpe,2
kızıyorum,4
oka,1
tokan,1
tırnağını,1
keselimmi,1
kızıyourm,1
hangisinde,6
mis,4
kokuyor,4
azğına,1
sözümü,1
tutmuyorsun,1
git,15
öptü,5
veriyorum,3
anahtarı,1
işine,1
diyorsun,13
biliyormusun,117
yolundu,1
kalkarmısın,2
yapmıyorsun,2
yağmur,4
yağıyoru,1
deliklerine,1
getireceğiz,1
takarmısın,1
giydin,5
değilmiydi,2
orayamı,1
burayamı,3
acele,1
etme,2
bunalrın,1
renklerini,3
dökelim,1
dök,1
düzgün,6
bilmiyorum,13
düşecek,2
dını,1
tek,5
koyun,3
sayalımmı,2
kapağı,3
kaybolmuş,2
taneme,1
bisküvin,1
koymuyoruz,1
yiyecekmisin,1
çikolatalı,2
bardağını,1
koyarmısın,2
dökülecek,1
öksürürsün,1
temiz,3
koyuyorum,2
yemiyormusun,1
bitirdin,2
oynayacağım,3
oynuycam,1
başlayalım,1
koyuyorsun,8
sıra,2
tutturamadın,1
hangisine,5
onları,39
döktünmü,1
bırakalım,3
koyduk,3
bunlaruda,1
uere,1
yapmıyoruz,1
kaybolur,1
kolanı,1
bı,1
kolam,1
kapatalım,3
kapattık,2
uyumuş,2
maymunu,5
getirelim,1
konuşalım,7
öpecekmiş,1
maymun,10
konuşsun,1
merhaba,1
nasılsın,5
iyiyim,2
maymununu,1
soru,1
sor,2
konuşacak,3
günaydın,1
çocuklar,127
maymuna,2
kuyruğundan,1
maymunda,1
düşer,4
öpelim,1
din,1
saklanıyormusun,1
saklan,1
koydunmı,1
tatlım,1
yapıyourm,1
yatayımmı,1
yatıyorum,1
sarımı,1
yazılacak,1
katlı,1
katlamana,1
gerek,2
oda,1
çilekti,1
kağıt,11
katlıyorum,1
kibar,1
davranıyorsun,1
kibarsın,1
ettinmi,2
mamalar,1
acıktın,1
söyleyeceğim,3
halı,3
rap,2
çıkacaksın,1
inebilirsin,1
kafamı,1
işe,15
babam,3
biracık,1
burdan,17
acıktım,2
yapmayacağım,1
sanada,2
örtelim,1
uçacaksın,4
söylüyordu,1
Tarkanın,1
yedin,16
mercimekli,1
bulgur,1
pilavı,1
dedim,4
öpmüyorum,2
kalkıyorum,1
niçin,185
kalkayım,1
vurursan,2
oynamam,4
gezmeyede,1
gitmiyorum,2
rahatsızmı,1
ediyor,6
yanımdan,2
yüzümde,1
ağzuma,1
koşmaktan,1
koştuğun,1
saçımda,1
çekerim,1
çekiyorum,2
benimde,1
yanıyor,8
hala,3
barıştık,1
sus,2
babanne,1
kucağımdasın,1
demekmi,1
emredersin,1
birgün,6
Selim,13
kardeşin,13
Kerimden,1
Sinan,10
senden,14
kaç,41
yaşında,9
değilki,1
yapıyormu,10
ona,33
ayıp,8
bari,7
mamasını,2
yiyebiliyormu,1
bakıyormusun,1
şunları,3
yerlere,2
bulamayız,1
istediğini,2
oynarsın,67
çocuğum,28
neyle,158
oynamak,10
Selimcim,4
şunun,1
boynuna,4
takayımda,1
sesin,5
çıksın,2
ha,73
yapışmıyor,1
severmisin,11
alır,3
ismi,36
babaannenin,3
evler,2
otobüsler,2
mektepten,2
taşısın,2
mektep,1
küçükleri,1
yapıyorlar,63
hızlı,9
gidiyorlar,7
koşar,28
sokabilirsin,1
sok,3
evin,43
oynuyormu,9
girdi,6
ikisi,2
oynuyacaklarmı,1
yapacaklar,6
kiminle,39
oynarsınız,7
oyuncaklarınız,1
neyin,44
şurda,6
masuscuktan,1
girsinler,4
sizin,50
arabanız,2
biniyorsunuz,3
arabaya,5
anneniz,1
kullanıyormu,3
otobüs,12
arkadan,3
biniyor,1
veririm,8
gene,10
Kerime,3
veririz,1
oynarlar,34
yemeğe,3
götürüyormusunuz,1
arabaları,15
yediriyor,1
nanniyi,1
çıkıyormusun,3
bazen,79
sokağa,10
çıkarıyor,5
oynamayamı,1
sokakta,20
neler,106
direkler,1
ağaçlar,4
bilmem,28
uğraşıyorum,1
atıyormusun,5
fırlatıyormusun,1
atıyormusunuz,1
atarsın,32
küçuk,3
burasıydı,1
oturabilir,2
binebilir,3
binsinmi,1
oluyor,35
neye,22
biner,2
ineğe,1
binebilirmi,3
bindi,6
basacak,1
tabii,102
geliyor,59
bindiririm,1
atlar,9
resminbi,1
yapmak,10
resim,82
boyaların,5
S,2
mum,1
boya,9
alalımmı,4
park,8
yanına,10
etsene,4
kolay,3
garajınız,2
şurdan,2
koparayım,1
veriyim,2
kemer,1
verdi,40
aldı,44
ı,1
pencerelerini,1
annenler,4
kemeri,1
götüreceksin,1
resmi,20
uyur,41
gece,31
yemiyorlarmı,1
falan,12
baca,5
cam,4
kapısı,11
girecek,2
insanlar,11
baban,97
beraber,55
yapar,197
süsleniyormu,16
süsleniyor,26
kıvırmıyormu,1
berbere,3
gitmiyormu,2
yaa,3
ütü,78
ütülüyor,70
sizde,2
ütülüyorlar,4
yerleri,71
temizliyor,67
süpürmüyorlarmı,1
süpürüyorlar,3
süpürge,2
benziyormu,2
doğum,8
günün,4
oldumu,16
onlarlan,5
oynayacağız,11
babandan,3
bahset,6
gidiyormu,7
okuyormu,21
gazete,16
okumuyormu,3
okuyor,28
sabahları,5
içerken,1
hıı,2
içiyorsun,14
Kerim,6
yumurta,4
yiyormusun,4
yemedinizmi,1
siz,35
yapabilirler,2
bahçeye,3
çıkmışlar,1
piknik,1
dışarda,42
yesinler,2
isimleri,4
Erenle,1
konuşsunlar,4
konuştur,4
konuşurlar,4
der,3
nasılsınız,3
desin,2
söylet,2
söyletirim,1
gezmeye,10
gittinmi,16
gittin,6
tersanede,2
yemeği,11
yaramazlık,5
yaptımı,2
okula,25
gittilermi,2
dışarıda,16
güneşlensin,1
denize,22
gitmişler,2
mahsuscuktan,5
yattı,3
düşmeden,1
durabilirler,1
yapabilir,1
rahatlıkla,1
oyuruyorlar,1
diz,4
oturtuyorsun,2
Kerimi,1
seyretsinler,2
sevmiyorlarmı,1
saklarız,1
biskuitler,1
yapılır,8
biskuit,1
traktör,19
traktörün,5
adam,15
takmak,2
istiyormusun,12
anlatsana,32
soruyor,3
dün,41
kimlere,2
Aykutlara,2
Aykutlar,6
kız,60
oğlan,33
oynuyormusunuz,7
oynadınız,7
kaldınız,3
kumbur,3
kazağı,2
kazağında,1
tanıdığım,2
kimler,46
daydaylar,2
daydayları,2
daydayım,2
daydayların,2
evi,15
giriyormusunuz,2
sudan,6
korkuyorsun,3
yüzme,2
bilmiyormusun,7
mayonlan,2
simidin,8
simit,6
takıyorsun,8
simidi,3
boynumdan,2
hımm,2
kazağımdaki,2
rengi,7
balığa,4
çıkıyormusunuz,4
Kumburgazda,2
balık,57
tutuyormusunuz,2
tutmuyormusunuz,2
kaldırdı,3
balıkları,13
kaldırdın,3
balıklara,2
kestgin,1
hapur,5
hupur,2
yedilermi,4
beyendilermi,2
defasında,2
tuttum,3
kestim,5
kendim,4
yedim,3
kedilere,3
verdin,3
müydü,2
balıklar,53
büyüktü,2
dersin,8
ohoo,2
pek,26
aldın,6
babaannenden,2
kullanıyormusun,6
kullanılıyor,2
şişiriliyormu,2
neresinden,5
şişir,2
nereden,13
şisireceksin,1
sönüyor,2
neresi,38
açık,8
açtı,3
bozdun,2
zamanında,2
mayon,2
şişirme,2
sönüyormuş,2
baksana,4
nefesine,4
yapıştıracak,2
yapıştırırız,2
attınmı,4
sahimi,10
balığı,13
evde,105
divanın,2
kokmadımı,1
kokmadı,1
koşarmısın,13
koşabilirmisin,5
hızın,2
koşarsın,13
koştun,5
Zeyneple,5
oyunları,16
oynadığını,2
allah,28
evvela,7
hangisini,17
köprü,8
onlara,5
göndermiyorum,2
evela,1
sordum,2
dedimki,1
Zeyneplen,2
oynuyacaksın,2
kere,10
gelmiştin,2
zamandı,2
hatırlıyormusun,10
hatırlamıyormusun,2
dışarıya,27
gidermisin,6
kimle,43
gidersin,20
annenlen,2
atarmısın,14
topunu,9
bom,3
kelemle,1
Yeşim,10
süslenir,24
boyuyormu,9
boyuyor,10
diyorum,5
aha,4
huysuzluk,2
ediyorsun,5
oynuycaz,1
bıyk,4
hım,8
yapmıycan,1
süslenmesini,2
söyleki,1
süsleneyim,2
gözünün,2
sürüyormu,7
yapıyormusun,20
tırnaklarını,12
kalemle,13
boyamıyor,2
boyuyorsun,6
neylen,22
boyasınlan,2
doğurusunu,2
kalemlen,7
boyuyalım,2
çirkin,3
ooooh,1
boyamak,4
kalkta,1
boyanmazki,1
boyanır,6
ojeyle,2
boyanmaz,3
demin,8
tırnaklarına,2
kitapları,6
kitaplarıda,1
babana,4
okumak,2
kitap,18
okur,21
gazetesi,3
hergün,9
geliyormu,12
gazeteyi,2
uyanırken,2
sabahleyin,15
erkenden,2
ütüyü,7
sahi,34
temizliyormu,4
temizledi,2
kullanıyor,9
omo,1
lüzumu,1
başınıza,2
dert,2
oluyormu,5
yakıyor,2
sobayı,2
kömür,2
yukarı,3
taşıyormusun,2
taşımıyorsun,2
çatısı,5
açmışlar,1
oralarını,1
korunun,1
bacaklarından,1
yapabiliriz,1
yetişecekler,1
gelmiş,18
misafirleri,2
çocukların,2
oynar,16
Sinanla,1
kulelerle,1
göle,1
lego,1
uyanıyorlar,1
yaparsınız,2
köpekleriniz,1
Zombie,1
üstelik,2
yaparlar,60
köpekler,83
içermi,21
içersin,8
köpeklerden,3
varmi,1
kaleci,1
olurum,2
tekme,1
vururum,1
uzağa,3
gider,13
benimki,1
Keriminki,1
et,20
patates,2
birsürü,2
dese,1
teybe,6
konuyor,2
ses,10
yakın,1
bunsuz,1
konusurum,1
koysan,1
konuşurum,1
koysam,1
ceryan,3
kordon,2
göreyim,8
ziyanı,6
görmek,4
bunlan,9
silerken,1
kopmuş,1
harfi,1
A,2
öğretti,5
E,8
alalım,7
sulu,2
kırılınca,2
atar,2
almış,12
Paris,1
gitmedinizmi,2
gittiniz,21
Ankaraya,1
Polonezköye,1
Uludağa,1
yürüyerekmi,3
e,27
yaptınız,20
yardım,9
nerdeydiniz,1
sinema,1
yapıyorsunuz,33
Uludağda,2
gidince,9
kayak,4
kayıyormusunuz,1
kayabiliyormusunuz,1
kayakların,1
kendinin,1
kayaklar,1
oyununu,1
kar,2
helvası,1
yaptınızmı,1
yiyorsanız,1
helva,1
yapın,1
yiyin,1
karı,1
taşın,1
üstünde,18
koydu,2
burnuna,1
kardan,1
kaydımı,1
vermedi,3
kizdımı,1
kızdı,3
sebep,1
olması,2
kızdırdı,1
babanı,16
kayıyor,3
düşüyormusunuz,1
kayarken,1
kayılır,1
karın,1
takıyor,4
eline,5
sopalar,1
yokmu,20
birtek,1
kayakla,1
yarıyor,6
batonlar,1
baston,2
kimse,4
kullanmıyormu,1
oturur,3
acik,1
mesela,7
Sinanı,3
oynanıyor,6
evcilik,5
kac,1
Sinanın,1
kağıtlar,1
dağılmasın,1
uyurmu,9
gündüz,17
uyumuyor,2
geç,7
yatıyor,13
acık,12
anneni,12
tanımıyorumki,1
azıcık,5
gözlerine,1
bakmadınmı,1
giyiyor,4
sürüyor,13
traş,3
demiyorum,3
yanaklarına,1
ütüler,17
ütülerler,1
temizler,9
temizlerler,2
tozu,2
yaptırdılar,1
halıyı,4
üst,1
koydular,2
ta,12
gözlüğü,2
anneanneye,1
eğlendinmi,1
görmedim,6
bakmadım,1
yeni,10
bisikletler,1
bisiklete,2
balkon,1
girdinmi,3
denbize,1
havuz,2
Kilyosta,1
yaprak,1
giriyor,4
havuza,3
ortaya,1
atlıyor,2
bravo,2
yapamıyacaksın,1
merdivenin,1
oradan,4
atlamıyor,1
atlayacaksın,1
a,21
alacakmısın,2
yüzmesini,2
öğretsene,1
Sinana,1
ağbimisin,1
bacaklarını,4
ellerinle,1
yüzersin,2
büyüdünmü,1
yaşındasın,5
sıkıldınmı,2
sıkıldın,1
gitmek,6
bitsin,1
Ademe,1
gittim,2
Ademin,1
annesiyle,1
konuştum,1
yolda,3
gelirken,2
fakat,2
ısırıyor,3
ısırır,41
ötekiler,1
sokak,3
köpekleri,11
başkasını,1
ısırabiliyor,1
bitsinde,1
anlatıyorum,1
karşısına,1
kovaladı,1
tahmin,1
bilmiyorsunda,1
yüz,1
tırmalar,38
uçar,35
kuşlar,66
uçaklar,1
kanatlan,1
yaparlarmı,1
kanatlarını,3
uçuyorlar,1
kurtları,9
kurtlar,33
eh,6
tuttunmu,3
nesi,69
baliğın,2
balığın,18
yüzer,28
suyun,4
dibine,1
Mehmet,1
soracağım,2
oynadın,18
oyunlar,30
Kadir,5
yapacaksınız,4
onunla,2
oynuyorsunuz,36
kovboyculuk,2
derilikız,1
tehlikeli,1
götüreceksiniz,1
dağ,1
yapıcaksınız,1
dağda,1
yaralanacak,1
doktor,5
nelerle,2
korktum,2
oyundan,1
durmam,1
oynanırken,1
oynıyacaksınız,2
Kadirle,3
güreş,2
ediyorsunuz,1
kaçıyordu,1
kızılderili,1
çıkıyorsun,8
götüreyimmi,1
tüfeği,4
asılımı,1
I,1
dont,2
see,1
gun,1
the,1
living,1
room,1
Kadirin,1
neredeymiş,3
Memöya,1
Cemoya,1
yapıyorlardı,4
filimde,2
yapıyordu,7
Türkan,5
Sorayın,1
Alıyi,1
götürmüyor,1
almaya,1
gittinizmi,6
aldınız,9
tahtayı,3
yapıcakmış,1
taktı,2
tahtayla,1
ablalar,1
uyuyorlarmı,2
kimmiş,3
akşamları,20
seyrediyorsunuz,2
hayvanları,13
tırmalamıyor,1
nerdeler,1
Kont,1
hiçbirşey,6
yermi,9
çıkarırlar,1
cik,3
açmış,4
bilmezmisin,1
kırıldı,7
zavallı,2
donkey,1
denizde,17
yüzüyordun,2
giyip,1
gidiyordun,2
yazın,3
kumda,1
yatıyordun,3
indiriyordu,1
atıyorlardı,1
sizi,2
bindiler,1
kimi,25
götürdüler,2
amcalarının,1
adını,2
yapıcan,6
kamyon,10
odada,12
şunlar,10
kargayla,6
tilkiyi,9
yaptılar,10
açmadınız,1
kediyle,1
tahtalarla,1
ebecilik,1
kimlerle,7
gelirler,1
gününde,3
başından,1
getirdi,31
yediniz,4
yaptıniz,1
oynadıniz,1
götürüyor,6
hayvanat,4
bahçesinde,2
yapmasını,2
bilirmisin,3
yapsana,3
numarası,1
ismini,3
yazabilirmisin,3
gidiyormusun,24
ana,1
okulunu,1
seviyormuydun,2
orasını,3
okulu,3
apartmanın,1
sevdinmi,8
kalkınca,6
süslenirmi,13
pantolonunu,2
kısa,6
soyle,2
kurttan,1
kediniz,8
köpeğiniz,1
tırmalarmı,16
yavruları,8
Uludağı,1
kaydın,1
içerler,14
yerler,6
sincap,9
ceviz,3
yürürlermi,1
kuşun,18
uçuyor,10
koşamazlar,1
gidiyormuş,7
yüzüyorlar,2
kuyruklarıylamı,1
üstünden,4
kızla,5
gitsinler,3
kaz,3
kurdun,3
herhangi,1
birşeyi,2
çiftlik,3
parkta,10
adaya,1
ördeğin,2
boynu,1
kazın,2
hayvanı,3
lama,4
hayvanlar,7
neymiş,6
yapacakmış,2
tarif,11
hayvanların,2
köprünün,13
bağırır,4
kopmuşmu,1
tavuk,1
moo,1
u,1
uu,1
uuu,2
sing,1
us,1
song,1
keçi,9
anneanne,15
Hürrem,1
çukulata,5
düşüyormu,1
çoraplarını,1
giydirdi,1
kücük,1
havı,1
görüyormusun,10
sicabı,1
dövsün,1
tavuğu,2
çamaşır,3
yıkıyor,8
Bir,1
bize,17
cök,1
yetermi,1
olmuşmu,2
tuz,3
koyayımmı,1
gözüne,3
neresine,6
süpürür,6
yıkar,1
Tandoğan,3
şapkası,3
mektebe,4
severmi,2
ninni,1
yaparmı,2
tararmı,1
havlar,3
koşuyor,5
arkanda,2
önünde,6
suyu,8
içtin,6
teyzen,5
ayakları,5
yarın,4
ayağı,2
getirecek,2
mısır,2
pastayı,2
dogüum,1
ellerimin,1
neleri,6
canlı,2
yavru,3
bağırırlar,1
ağlar,3
görüyorsun,14
bağırırmı,1
bağırıyorlar,1
ısırırlarmı,2
ısırırmı,12
ağızlarını,1
açıyorlar,1
dişleriyle,1
giderler,4
uçarlar,7
eski,6
eviniz,4
evinize,1
geldiniz,6
açılmış,1
kanatları,17
hikayesi,4
dinledinmi,3
şekerim,25
hikayede,1
kardeşini,4
kuyruğu,11
sütü,3
akşam,19
gine,2
iş,13
gidecen,2
oynuyormusun,29
elbisen,3
bayram,3
size,9
senle,8
konuşuyorlarmı,1
oynuyorlarmı,2
ordaki,2
seyrediyormusun,6
seyrediyorsun,2
filim,3
gösteriyorlar,1
kıvırcık,1
düşüyor,1
Enderi,1
Enderle,1
aynı,1
yatıyorsunuz,3
birbirinize,1
söylüyormusunuz,1
çarptı,27
itti,25
ismin,1
Zuhal,2
boyundan,1
yürüyormu,1
kızıyormusun,1
yaptıgı,1
kızmıyormusun,1
gözlük,3
yakışmış,2
yakışacak,1
gözlüğüm,1
Zühal,2
dana,2
gözün,1
gözünde,1
anladınmı,2
hay,8
vericek,1
baklava,1
yerlermi,5
severlermi,2
çimen,1
aaaa,1
pişmiş,2
seviyorlar,2
eti,4
çiğ,1
pişirecek,1
etini,1
pişirebilirmisin,1
pişirecen,1
pişireceksin,2
yağ,2
yağsı,1
sucuk,2
hmmm,1
sucuğu,1
durar,1
yağı,1
koyarsın,1
verirsin,2
gitsin,6
otursunlar,2
babasıda,1
Faruk,1
amcan,5
seviyormu,2
görmeye,3
dövmüyormu,1
dövüyor,9
ikinizide,1
banyoya,1
dövdü,3
dövüyormu,1
nereni,1
sopayla,2
değneği,1
değnek,1
ağlıyormusun,1
alayım,2
memnun,1
götürürmüsün,1
Kızılaya,1
pişiririz,1
bekler,1
çorbası,5
verelim,2
şarap,5
sarhoş,1
olursa,1
içirmiyelim,1
içiyormu,1
içmiyormu,1
orası,24
eğer,2
kalırsa,4
çekmek,1
oğlanla,2
basar,2
bastırmaya,1
çalışayım,1
bakalim,1
çarpmasın,1
oynarmısın,10
koşuyorsun,5
düşmüyormusun,2
yetişince,1
elbisesi,2
elbisesine,1
oynamazmısın,1
Nihanla,1
oy,1
Zühalcım,1
sek,2
pencereden,4
seksekten,1
pantalon,1
kirli,1
yıkamış,1
eskiyormu,1
çamur,1
kirletmiş,2
pantalonunu,1
abisinin,1
gönderiyor,2
abisi,1
havhavlar,2
insan,2
ısırıyormuş,1
haa,14
köpeklerle,2
odan,2
uyuyorsun,6
yatıyorsun,9
erken,10
kalkıyormusunuz,1
acıdımı,7
hırkan,1
Nihandan,1
küçükmü,1
kundakta,2
yürüyemiyor,1
yürüyebilirsin,1
görüyorum,8
duvarda,2
asılı,3
olan,1
deden,11
dedeni,3
yalnız,11
başına,6
korkmazmısın,2
anneannen,10
babaannen,6
ölmüş,1
babaanneni,1
ölürken,1
görmedimi,1
neredeydi,1
evdeydi,1
görmedin,2
anlattı,3
ölmesin,1
tarıyormu,1
boyamıyormu,1
yakışıyor,1
kestireceksin,3
anneninki,1
gibimi,1
okurmu,11
teype,4
bastım,1
çalıştırıyorum,1
çünkü,17
sesini,8
Boğazlıyana,1
gittiğinde,1
Boğazlıyanda,1
Zeliha,1
vurmuyormusun,1
vurursa,3
terbiyesiz,6
vuruyor,1
babasını,1
görmedinmi,4
Zelihanın,1
gelip,1
annene,10
söylemiyormusun,1
nesini,5
kapatıyorsun,2
tepesini,3
Nihanın,1
memesi,1
emiyormu,1
Nihan,1
meme,1
evle,4
paspası,1
çekmeyim,1
işaret,3
yapıyorum,1
verdiğin,1
öğretmenim,3
büyüğüm,1
cünkü,1
ablayım,1
koyuyummu,1
demiştin,2
tavuğun,3
itiyor,20
çarpıyor,3
adama,1
büyüyünce,3
olacaksın,5
işleri,3
koşuyorlarmı,3
oynuyorlar,13
Elvan,3
üzüyormusun,2
gittiler,4
götürecek,4
Ender,1
Atasel,1
amcanı,1
Atacan,2
seyrediyor,1
babaanneyi,1
alıyorsun,3
temizliyorsun,5
kalktın,1
yemedinmi,5
kahvaltı,4
etmedinmi,1
dedeye,1
duyarsa,1
kızarmı,1
söylemez,1
derlerse,1
konuşmadık,1
atam,1
atamı,1
söylesene,8
Algül,1
evinizde,2
yatacaksın,1
gitmeyeceksin,1
istemiyormusun,2
ağlıyacak,1
attılar,2
öylemi,2
attılarmı,1
atarmı,1
ayol,2
yalan,5
söyler,1
düz,2
kapalı,2
atıcam,1
açmıyalım,1
bitince,2
açmak,1
canın,1
yiyince,1
işim,1
açacam,2
dinleyelim,1
nedir,24
tırmalarlar,2
kelimeler,1
öğretiyor,1
işi,8
okuyabilirmisin,1
ayağını,2
tırmalamış,2
cadı,2
hakiki,1
birtanesi,2
kapının,4
sordun,1
Tülaya,1
rüyanda,1
sakladın,1
kurda,1
kimindi,1
farelerin,1
dişleri,2
durmuş,1
kesiyor,3
aydede,1
yazıyor,11
Aylin,4
oynıyalımmı,3
gelir,9
süpürüyorsun,1
tavşan,8
neresinde,17
Elif,7
doğuracak,2
bi,2
kardeş,2
olucak,4
kızmısın,1
oğlanmısın,1
olduğun,5
napıcaz,4
senlen,40
sinemaya,14
gitmedilermi,1
anneleri,1
babaları,1
istiyorsan,3
girdirmek,1
içeri,4
girdir,1
giriyorlar,2
içeride,1
yürüsün,1
üşümesin,1
aşşağıda,1
nelerden,1
korkarsın,2
bebeklerden,1
ısırırlar,6
korkmuyorsun,1
yatıyorlar,4
bebekleri,5
kimlen,23
Ercüment,2
oynamıyor,2
oynamıyormu,3
yorganı,2
olabilir,1
açarsan,1
zannederim,1
çatısını,1
çatısından,1
küçült,1
sokarız,2
kapısından,1
sığıyor,1
uyusunlar,2
uyuyacaklar,1
uyurlar,5
uyuyormusun,2
markası,2
gidiyormusum,1
binsin,3
açılmazsa,1
binemezki,1
açabilirsin,1
yorganını,1
bahçede,6
abin,4
topları,1
zıplatıyormusun,1
verdim,2
otobüse,4
binemez,1
koskocaman,1
kalemlerin,2
onlarla,9
yazıyorsun,6
yazıyı,1
yazarsın,3
arabalar,19
gidecekler,3
pabuçlarını,2
bağsız,1
pabuç,1
çocuklara,2
küçücük,3
açılır,4
süslenirken,2
süsleniyormusun,1
süslenmiyormusun,1
tarıyormusun,1
yürüt,2
süpürüyor,20
ediyormusun,5
denir,2
doktora,4
günlerde,4
geçtimi,2
iğne,1
yapınca,1
iyileştinmi,1
sene,5
yüzemiyormusun,1
yüzebiliyormu,3
şapkan,2
şapkanı,1
hiii,1
koptu,1
bilmiyordum,1
kendisi,2
götürdülermi,1
alçıya,1
koydularmı,1
vah,5
acımıştır,1
ağladımı,1
arabayı,18
ayakların,1
yetişmez,1
kullanıyorsun,2
kullanmıyor,1
gülmesini,1
gülebilirmisin,1
ağaçlı,1
terbiyeli,1
bağırdı,3
edepsizlik,4
sevmedim,1
sevilirmi,1
sevmezsin,3
şımarık,5
arkadaşın,18
cicisin,1
yapmazsın,1
aşağıdaki,2
çocuklarla,2
oynamıyım,1
iyisi,4
sevmiyormusun,5
burasını,2
arkadaşlarla,2
oynamasını,1
gelmiyeceksin,1
getireyim,2
getirmeyimmi,1
sevmezmi,1
sevmez,1
arkadaşları,2
Funda,9
arkadaş,4
getirsem,1
oynasa,1
oğretmenlerini,1
sevmiyorsun,3
sarılıp,1
öpüyorlarmı,1
öpp,1
sarılıyorlar,1
ara,1
sopalıyorlarmı,1
kızdırıyor,1
bazan,5
terbiyesizlik,1
yatmıycam,1
yatıyormusun,3
kimde,2
alıcak,2
anneannende,1
onlarda,2
oo,3
adamları,1
seyrettinmi,5
kesmiyorlarmı,1
sinemasında,1
film,3
filimdi,1
şeye,3
tiyatroya,1
gitmedinmi,1
kül,1
kedisi,2
götürsün,1
geçen,6
olsunki,1
gideceksin,10
sinemada,8
gazoz,1
içiyormusun,4
hah,5
çiğniyorsun,1
saçlarını,3
kıvırcıkmıydı,1
benimkiler,1
dümdüz,2
seninki,1
ra,3
söyleyelimmi,1
söylemek,1
havasını,1
şarkıları,1
kendin,2
öğrendin,1
söyleyim,3
dans,6
ediyormusunuz,1
söylerken,1
aşağıda,4
pikap,1
sesler,2
plak,4
içmezmi,3
yemezmi,3
susarlarda,1
kabuğu,3
portakal,3
hadii,3
kabuğunu,1
sevmezlermi,1
Elifciğim,1
dursunlar,1
perde,4
seyrediyorlar,3
filmi,2
sineması,3
Fıstık,2
sinemasıymış,1
seyrederlerken,1
görüyorlar,1
okuyayım,1
deminki,2
okuyum,3
anlatmıyacaksın,1
alalimmı,1
bakmıycakmişsın,1
bakma,1
kardeşine,1
benziyor,6
takmış,1
saçına,1
alıyor,7
ağlıyormu,2
ağlamıyor,1
okuycaz,1
elbet,1
bağırıyor,4
kıyameti,1
koparıyorlar,1
rüyamdaydın,1
rüyamda,1
düşüyormusun,1
düşmüyorsun,1
sağlam,1
duruyorsun,1
yatırıyormu,1
yıkanabiliyormusun,1
elbisene,1
pütürük,2
pamuklar,1
ooh,1
hayatım,1
atıyorsun,7
düpedüz,1
uyduruyorsun,2
cicimisin,1
sahiden,3
laf,1
dinliyormusun,2
üzmüyorsun,1
uykun,2
gelmedimi,7
eskiler,1
alırım,2
eskici,1
eskicimisin,1
soyadın,3
makarna,2
makarnası,1
makarnamısın,1
makarnaysan,1
koyup,2
biber,1
sımdi,2
yiyelimmi,1
hap,7
makarnasın,1
değilsin,1
nesin,2
çocukmusun,1
kapa,4
kapattınmı,1
karnın,6
acıktımı,4
acıkmadımı,2
kendime,1
sigara,4
üflüyecekmisin,1
yakında,2
napıcaklarmış,1
başkalarının,1
günü,2
fena,4
severim,5
ormanda,3
evinde,4
yapıcak,2
yatakta,2
merdiven,3
iniyorsunuz,1
aşşağı,1
inicen,1
acıktı,1
oynayacaksın,2
arabalari,1
açılıyor,1
Alp,6
kamyonu,4
taşıyor,2
burasında,2
benzin,1
arabaların,1
markaydı,1
teyzesiyle,1
getiriyorsunuz,1
Alpay,3
duruyormu,3
gelmediğim,1
zamanlarda,2
uyuyormu,6
yukarkinde,1
Cınarcıkta,3
dövüyormusun,1
Alpayı,1
te,9
bilmiyor,1
konuşmasını,1
yemiyormu,1
oğlum,18
kalktı,1
ağladı,1
kimlerdi,1
yoruyordu,1
tepeme,1
çıkıyordu,1
devamli,1
öğretmen,6
yapardı,1
Fatma,1
zannettimki,1
çocukları,12
durdurursun,1
onlardan,2
esas,1
kuvvetlisin,3
koşuyorlardı,1
yapacan,2
değiller,1
mısin,1
diyormuş,3
dinlemiyormuş,1
sokaklara,2
hagi,1
Emirgana,1
taşınıyorum,1
komşu,1
gelecem,2
oturuyorsunuz,4
Emirganda,1
ortaokulun,2
üstü,1
yokuş,1
sorsana,2
oynayabilecekmisiniz,1
oğlansın,1
bahçesine,4
gidiyormusunuz,2
inince,1
Cınaraltında,2
olsa,1
oynarmış,1
erkek,5
erkeğe,1
konuşmuyormuyuz,1
pardon,1
erkekçe,1
söz,1
yapmıyacağım,1
sorduğuma,1
oynamaz,1
aldık,7
faytona,1
bindik,9
götürüyorduk,1
bırakmış,1
faytonda,1
indik,2
Metinin,1
bulamadınmı,2
sorduklarıma,1
versene,6
verirsen,1
sevmem,3
Cınarcıktan,1
çıktık,1
yürüdük,2
yürürken,1
koşmayalım,1
demedinmi,2
kucağımda,1
yürüdün,1
kucağımdan,2
indirdim,2
bindin,3
Bülent,2
ağbin,9
aldım,7
Yalovada,1
vapura,5
uyudum,1
sonradan,1
otobüsten,1
gidiyordu,3
yaptırmaya,1
Cınarcıktaki,1
köpeğin,2
Erelcim,2
teyp,12
teybi,8
teyzenin,5
dönüyor,2
bibip,5
yazma,1
şişirelimmi,1
komik,1
öteki,1
balonu,4
getirsene,3
bul,4
attaya,1
parça,5
veriyimmi,5
tanbul,1
garajda,1
kağıdın,3
şimdik,3
altından,2
köprüyü,2
kaldırayımmı,1
domuz,8
gösterecek,1
çekirdek,1
dastana,1
danalar,2
girmiş,3
bostana,2
açarmısın,1
kapatabilirim,1
bardak,1
yakacam,1
üfleyeceksin,1
boncuk,8
ilaç,5
ilacı,3
kapadın,1
mersi,6
boncuğu,2
bozuldumu,2
yapacaz,4
tamirci,1
getirelimmi,1
tamir,18
babaya,2
telefon,2
etsekmi,1
aratalımmı,1
arabası,3
olmamış,2
Erel,9
yedinmmi,1
yemekte,2
içtinmi,3
varmıydı,6
pişiriyor,12
yedinse,1
pişirdi,2
yemekleri,5
getirmiş,2
Erele,2
teyzeye,12
içinden,3
minik,1
çukulatayı,1
getirmedi,1
Ayalayı,1
tanıyormusun,3
Ayala,3
Dvora,1
Ayalanın,2
yeriz,1
bittimi,1
çalışıyorum,1
ham,2
aferim,4
silelimmi,1
pislikleri,1
siliyorsunuz,1
çizmesin,1
yaparken,2
girsin,3
yemesin,2
lahanayı,1
biliyormu,1
biliyor,3
başlasana,1
birtane,9
look,1
boo,2
söylesenize,1
ceylanların,1
pınari,1
binbir,1
that,1
is,5
your,2
daddy,1
fincan,3
yürüttün,1
kalemim,1
balonun,1
tokam,1
topluyorum,1
nerende,1
gözlerin,1
tırnakların,1
uzamışlarmı,1
geçsinmi,1
öpünce,1
sürdünüzmü,1
sürdü,4
polis,6
amca,13
düdük,3
çalmış,1
yağınca,2
ıslandımı,1
amcaya,4
yağmurluk,1
götürdünmü,1
garaja,1
gitsinmi,1
gitmesinmi,1
bozuk,3
sayı,2
sayıyorsun,1
tutmuş,1
okuldan,1
oynayalımmı,5
pisi,4
anneciğin,1
dairede,2
dandanı,5
yatağında,1
ittimi,1
öptümü,1
oturuyorlar,4
geyikle,1
oynıyacakmıyız,1
gideyimmi,2
düşürdü,1
yapabilirmi,1
bebekle,2
kolu,1
verdinmi,1
sürdünmü,1
mandalinaları,1
tadını,2
çıkarmısın,1
üşürsün,1
ceketini,1
giymezmisin,1
pantolonu,3
kibritin,1
şeyler,6
ootobüsü,1
koydunmu,1
evden,4
yol,13
sevsin,1
yakaladı,1
takalımmı,1
acımış,4
bacaği,1
hm,11
acıdınmı,1
eşeğe,2
dövüyormuş,1
sahibi,1
eşeği,1
kızınca,1
tırmalamazlarmı,2
yavrularını,4
içerlermi,3
yürürmü,2
kurnaz,1
tilki,2
yüzermiş,1
pişiriyorsunuz,1
hamsiyi,2
kızartıyormusunuz,1
kılçıkları,1
seversin,3
yemeklerden,1
fasulye,1
etli,2
zeytin,1
yağlı,1
luna,4
parka,4
gidiyorsunuz,7
sefer,2
öbürü,2
Taksimdeki,1
ayni,1
gitmeyi,1
gitmiyormusun,4
treni,1
pil,1
alın,2
gidin,1
Taksimden,1
çalısıyor,2
Taksimde,2
çalışıyorsa,1
y,1
apıyor,1
kalıyorsun,1
yukarda,2
ranzalı,1
yatak,4
Hakan,2
taşındı,1
oynamıyormusunuz,2
Saime,3
katta,1
başkası,2
yapan,1
ütülüyormu,4
anneanneni,3
Birsenler,1
kimdir,1
akrabanız,1
neyiniz,1
hepiniz,1
kalktınız,1
dikti,1
diktiler,1
dikiş,1
öğleden,2
uyuyacanmı,1
arkadaşını,1
Hakanı,1
görmüyorsun,1
evine,7
ziyaret,1
etmiyorsun,1
bütün,3
dolacak,1
antika,2
demek,9
kıymetli,1
sanat,1
müzik,1
aleti,1
öğreniyormusun,1
Pelinle,1
arkasına,2
oluyorlar,1
zarf,2
dinle,2
Brem,1
Mızıacılarını,1
kitabı,5
sınıfa,1
tepelerin,1
kaçtane,1
Simtan,1
amcanın,1
oğlu,1
yürüyebiliyormu,2
oynayabiliyormu,1
acıyormu,3
çektiği,1
pekala,4
camı,1
şurası,5
geyiği,1
delik,1
yanmışmıydı,1
kırmak,1
meyva,4
meyvası,1
koşarlarmı,4
içerki,1
koşarlar,12
Nedime,1
Nedimeyle,1
geceleyin,3
babanla,5
nasıldır,1
takıyormu,1
alıyorsunuz,3
yapmışlar,2
annesini,3
karnından,1
kardeşi,1
çocuğun,4
söyledi,3
toplan,3
Tuncaya,1
sırada,1
dişçiye,1
dişlerin,2
çürümesin,1
Ayla,4
Teyzen,1
misafirler,1
evinizi,2
dağınık,1
görürse,1
Simter,1
çalışır,3
kulübü,3
çalarmı,2
radyo,2
çalar,3
kitaplar,2
kitapların,3
kornayı,1
gidecekmiş,1
yangın,1
yanıyordu,1
yokmuydu,1
kedin,10
içiyorlarmı,1
köpeklerin,1
bekliyorlar,1
bilmemki,2
terbiyesizliklerinden,1
horozum,1
uçarmı,5
uçuyormu,4
uçamıyor,1
guvercin,1
ısırmazmı,1
Cınarcığa,1
yüzüyormusun,3
balıklarla,3
konuşuyormusun,2
döver,3
yüzüyormusunuz,1
yana,1
yüzüyor,9
kolları,1
anneler,1
babaanneye,2
geldilermi,1
geldiler,2
otobüsle,1
bibiplemi,2
kuleyle,1
misafirliğe,3
İsmail,1
Rahim,1
Saban,1
efendi,1
misafir,5
Sabahattin,1
oynadımı,1
koştunmu,1
oynuyormuydu,1
öksürüyorum,1
öksürüyormusun,1
oldum,1
olmadınmı,2
ismim,2
İsmaille,1
sağa,1
sola,1
temizledinmi,1
temizledin,1
oynıyalım,1
rengini,4
beyendinmi,8
uzamış,1
pantolon,3
gömlek,1
trafik,5
işareti,1
işaretlerle,1
yaparım,3
yapabilirmisin,5
dizdinmi,1
Alev,19
oynuyacaklar,1
sepet,2
tutarsan,1
düşmez,1
uyuycakmış,1
uykusu,4
adamın,6
gelmişmi,5
uyuyormuş,2
sütsüz,3
yorgan,2
ört,7
battaniyeyi,2
battaniye,1
ikisini,1
birden,2
lambası,2
yanmıyormuş,1
yanacakmış,1
karanlık,2
aydınlıkta,1
yakıyormuyuz,1
yakmıyoruz,1
degıl,1
uçağa,2
toprağı,1
kazıyor,1
kürkü,1
puanı,1
kara,3
kediymiş,2
karakedi,1
olmuştu,3
tırmalıyor,5
kalmamış,1
Erelim,1
iyicene,1
otobüsün,3
sığarmı,1
anacım,2
çıkart,6
görelim,2
köprüsu,1
garaj,2
otomobil,2
yemiş,2
bitirmiş,1
Erelin,1
içerde,1
tekerlekleri,2
arka,2
çiftçi,2
şöförü,2
otomobiller,1
yemez,8
yağıyor,1
gidemezsin,2
işaretleri,1
yapılmaz,1
çıkamaz,1
ayaklarından,1
cıksın,1
oynayabilirler,3
oynasınlar,4
oğlana,9
yesin,10
koşabilirlermi,2
Işılcım,2
olmayınca,3
Fundayla,5
diziyorsun,2
açıyor,2
koşup,1
açıyormusun,1
açıyorsun,1
öpüyormu,1
terliklerini,1
getiriyormusun,1
kolejde,4
ofisi,1
atıyor,4
masası,1
etrafına,3
masada,2
yiyoruz,1
etrafında,1
kapattın,1
masanın,6
böcek,3
böceği,1
tatlısı,1
be,2
bileziğin,3
bileziği,2
yapılmış,2
cins,3
teneke,1
altın,2
gürültü,1
duydum,1
gösterdiler,1
miydi,5
kullanın,1
bizimki,1
dudağına,2
koku,1
kokusu,1
tırnaklarında,1
ojeleri,1
parmağına,1
eliyle,1
buharlı,1
sabun,7
kirleniyormu,1
kirletiyor,2
dördünüz,1
kirletiyorsunuz,1
siliyorsun,1
elbiselerini,2
topluyormusun,1
içerden,1
sesi,4
makinası,1
çamaşırı,2
Işıl,5
işler,2
görüyor,5
Nezih,7
degilmi,2
kaçıncı,2
sınıfta,3
Nezihin,2
odası,1
odaları,1
mutfağı,1
mutfak,1
banyosu,2
küvetin,1
yıkıyorum,1
yıkanıyorsun,1
çıktıktan,2
dahaki,1
sefere,1
öper,1
diziyormusun,1
masalını,2
anlatacaksın,1
anlatabilirmisin,1
söylediğini,1
duyuyorum,2
kardeşim,2
sev,1
kadarını,2
biliyorsan,3
yoruldunmu,1
gelirim,1
masalmı,1
pislik,1
masalı,2
anlatacakmısın,2
bekliyorum,1
babaannene,1
almıyorlarki,1
hastaneye,1
dedene,2
hastalığı,1
soğuk,4
grip,1
Eyüp,1
Aynur,2
vermiş,1
kimseden,1
yüzüğü,1
çarşıdan,1
dükkandan,1
yüzüğün,2
hayvanlarımı,1
zürafa,3
tos,1
Etilerde,1
oralarda,1
görmedik,1
keçiler,3
susuz,1
gelen,4
kediye,3
çağırdın,1
tırmaladımı,2
tırmaladı,5
durup,1
dururken,1
tırmalanırmı,1
ağaca,1
çıkarlarmı,1
kedinin,13
arkadaşı,1
iyilir,1
icersin,1
kuşlara,6
kuşların,6
yuvaları,1
yuvası,1
soyadı,2
kuşoğlu,3
olmazmı,4
Yetiş,1
ısırıyormu,1
pişer,2
bıçakla,2
çalınıyor,1
mandoline,2
çalıyormu,1
kuyuda,2
çocuğa,4
uydur,1
koşarmı,4
koşmazlar,2
şeyle,2
Denizhanla,2
dşarıda,1
kazıyorsun,1
kuyuyu,2
kuyu,2
kazmak,2
şuradan,2
baksan,2
görürsun,1
gözlerim,2
olmasa,4
anlatırsın,3
taşır,2
taşırlar,2
eviymiş,3
çocuğu,5
bakınca,2
dalların,2
arasında,2
kişi,2
gemide,3
ütülenir,2
temizlersin,2
sevindinmi,2
söyliyecenmi,1
keçiciği,1
Arslan,1
Mehmetciki,1
kargayı,4
içmezlermi,4
yüzerler,7
Atatürkü,2
yirmiüç,2
Nisan,2
hayvanlarla,5
oynamayı,2
herşey,2
kamyonun,2
kahve,5
pişirilir,2
neyim,2
oğlusun,2
yapıcaklar,1
gelecekler,2
Ilhan,2
gidicen,5
Vahide,15
caddede,2
Hergün,1
çıktığında,2
göremiyorsun,1
kızar,2
bilirsin,2
saçlarına,1
taktılar,1
Cananın,1
tokaları,1
Canana,1
götürünce,1
Canan,1
Suzan,1
baktı,1
Suzana,1
toka,1
söylüyorsun,1
Bon,2
halan,13
Olguna,1
kızsaydın,1
deseydin,1
utanmasana,1
gelsinmi,1
söylermi,1
ayılar,1
vapur,11
vuup,1
batmış,1
düşecekmi,1
gidecekmi,1
gidecek,7
para,9
kazanmaya,2
Ulkü,2
televizyonun,4
anneyle,3
düğün,1
terlik,2
Sule,1
teyzeler,2
götürürüz,1
dediler,1
gitmedin,2
0giymiş,1
aynısinden,1
girdiler,2
evladım,3
ağaçlara,1
konarlar,1
balıgın,1
balıklari,1
balıgı,1
gittik,16
toplar,3
oyuncaklarını,3
ceket,1
ehh,1
gideceksiniz,2
oturayımmı,1
kazanıyor,3
babacığın,1
kazanmağa,1
çıkardı,1
donunu,2
binemiyormu,1
binemiyor,2
çıkartmasın,1
fincanına,1
çıkartmadı,1
cıkartmıyor,1
poposunu,1
durduruyum,1
pıcaması,1
çıkartmıyacak,1
Bebekte,2
hayat,2
hüçük,1
ukalam,1
temizlemek,1
topladım,1
saçlarım,2
kötüydü,1
topuz,4
konuş,6
dikiyor,3
güzelmiydi,2
konuşacaksın,2
gitmezse,1
konuşamazki,1
çiftlikte,1
bindir,2
binmiyor,1
nasıldı,3
dısarda,1
memeleri,1
domuzun,2
emsin,1
ineğin,3
yavrusu,2
emebilir,1
sütünü,2
içmez,2
sıkışırsa,1
vermesi,1
büyüyecek,2
olmazsa,1
bitecekmi,1
söylemiştim,1
içebilir,1
deme,2
neyini,2
unuttuk,1
oynacazmı,1
yatıyormu,1
istemiyor,1
burdaki,2
telefonda,1
ellerini,1
kaldırmış,2
bahsediyorlar,1
çevir,2
bakmayalım,1
kedilerden,3
madamın,4
kedilerini,1
acıtırlar,1
başkalarını,2
yatırıyor,2
içiyorlar,3
uçma,1
deniyor,1
bunlara,1
kanat,2
uçmaz,1
köpekten,1
gelsinde,1
tutmağa,1
suda,5
konuşabilirmi,2
sahici,5
köpekle,1
duydunmu,3
çıkarabiliyorlarmı,1
annelerinden,1
isteyince,1
diyebilirmi,1
kalır,1
karınları,2
acıkınca,2
haber,2
veriyorlar,1
balıkların,3
açmadımda,1
oynayabilirsin,3
istersin,3
çatıyorsun,1
değiştir,1
değiştirebilirsin,1
avcılık,1
olsunlar,2
Tansele,1
Yusuf,1
çağırsın,1
Işıla,1
oynayamazmı,1
oyuncağı,4
istiyorlar,2
oynuyorsuz,1
tabak,2
kaldırırsın,1
Pirayeye,1
Piraye,9
çoktandır,1
beyeniyormusun,2
salı,1
televizyonu,2
Haticenin,2
bebeğini,3
durdu,2
çalınsın,1
kapanır,1
açilmadımı,1
bozulmuşmu,2
açıldı,2
Pirayeyi,2
zamandır,1
Pirayenin,3
nerdeydi,1
Nafiye,2
halanın,1
Ihsan,1
gelmiyor,3
gelecekmi,2
gelemez,1
geceleri,5
gelmiyormu,2
gelsin,6
kaçta,6
bilmiyormussun,1
okuluna,1
oynuyorlardı,1
oynamıyorlarmıydı,1
süs,1
ddiye,1
şık,1
yerinde,4
durmazmı,1
kalktım,1
Nevcihan,1
annecilik,2
çocuğunuz,1
çocuksuz,1
otnuyorsunuz,1
ufak,1
rahatsız,1
ediyormu,1
taşlar,2
duramaz,1
kalkmıyor,2
koleje,2
daktiloyla,1
çalıştın,1
bastın,1
yazı,8
yazıldı,1
çıkmıyormusun,1
kolejin,1
bahçesi,4
salıncak,1
giderken,10
götürüyormusun,1
zannediyordum,1
degil,2
havaya,1
futbol,5
maçını,1
televizyonda,5
seyrettiniz,1
maçlarını,1
resimler,3
kazağın,3
çıkartmamak,2
oynarız,4
boyalarını,1
temizlerken,1
evleri,5
kadın,5
gitmiyormusunuz,1
veli,1
ip,1
atlıyorsun,1
gördüğün,1
yapmasın,1
ütülüyorsun,4
parkedeceksin,2
evlerinin,1
kalkarlar,1
geçende,1
oynamıştık,1
horozlar,1
küşlar,2
masalları,1
karga,4
gak,1
C,3
peynir,3
uyanmadılarmı,1
istirahat,1
ettikten,1
şarkınız,1
pisin,1
anlatırmışın,1
guguyu,2
odamdan,1
havada,2
neleriyle,3
nereleri,1
pır,3
onla,1
geldin,2
hörgüç,1
yedinizmi,1
oğretmenin,1
arakadaşların,1
tombul,1
kıza,3
şoyle,1
koşsun,4
nenen,1
koşuyorlar,8
gitmezmisin,1
kaza,3
Suna,1
dediniz,2
Omercim,2
ceylan,1
meeh,2
kutuyu,1
oğlanı,1
anlamıyorum,4
koyuyor,8
çatalları,1
düşmüş,2
gelecekmiş,1
koyarım,1
kendininkileri,1
ıçine,1
kaçamazsınız,1
makarana,1
tankı,2
mm,2
zormuş,1
yerim,3
oluyorsun,2
ezdi,1
öğreneyim,1
kovboya,2
ateş,2
etsin,4
Omer,1
Cüneyt,3
saklambaç,3
koşuyormusunuz,1
koşmuyormusunuz,1
koşmuyormu,1
koşuyormu,1
koşabiliyormusun,1
yapamazmısın,1
yapamıyormusun,1
abiler,1
söyliyeyim,1
patlar,1
ütülemiyorum,1
çamaşırla,1
süpürüyormu,3
kitaplarını,1
gösterirmisin,1
aslanlar,2
Allah,2
aslan,3
aslanın,3
basıyor,1
ayaklarının,1
tırnaklarının,1
goril,1
filler,1
fareler,1
yemezler,2
maymunlar,1
fırçayla,1
hipotam,1
açarım,3
bukelamun,2
sineği,1
tırmanır,2
tırmanıyor,1
uçan,4
hayvan,10
söyleyecek,1
yaban,2
domuzu,1
rüya,3
görmüştün,2
görmmüşsün,1
görmüşsün,1
yanında,4
bakacaksın,2
Nazanın,1
yılan,2
Nazanların,1
son,2
anda,2
kızkardeşini,1
anlatıyordun,2
düşün,1
cancağızım,1
kazıyorsunuz,1
pantalonun,1
süpürürsün,1
keçiyi,1
Mehmetçiği,1
içiyormuşsun,1
görmeyeli,3
dişarda,2
kimleri,1
yandın,2
götürdü,6
anlatıyormu,3
anneanneyi,4
sabahtan,1
kalkıyorsunuz,2
Denizhanı,2
hikayeler,1
çıkartayım,2
çıkartacağım,2
söyleyecen,1
eczacılar,1
görürler,1
kazandığın,1
parayla,1
Denizhan,1
çıkartma,2
alıyormuş,1
Burçak,119
ayın,1
kaçı,1
yirmisi,1
gelsene,2
gelirsen,1
istemiyorsun,1
enteresan,1
düşmuş,3
geliyim,2
etrafındakiler,1
bavullar,2
bavul,3
yırttı,2
hanıma,1
vişne,1
yiyorlar,4
yemeğiymiş,1
biliyormsun,1
kucağı,1
çikmış,1
hali,1
ibik,2
derler,3
ibıgi,1
sü,1
kovboyun,1
kaçıyormu,1
gagalıyorlar,1
gagalıyorlarmı,1
kaptan,3
yapacaklarmış,1
Usküdarda,1
diyorlarmış,1
söylüyorlarmıymış,1
konuşuyorlarmış,1
kulağıma,1
takıp,1
küpe,2
küpelerimi,1
küpem,1
yiyelim,1
beyenmedim,2
çekirdeğini,2
atayım,2
çekirdeği,2
kirazın,1
bıyıkları,1
bıyıgı,1
bıyık,1
fış,2
çekince,1
tulumba,1
çompi,1
görünüyor,4
tanesine,1
Ayşegül,8
mumlar,1
üstündeki,2
mektubu,1
arkadaki,1
isimlerini,2
çekiçle,2
sandövici,1
söylüyorlar,1
ortalarda,1
kalmış,4
koyalımmı,3
oyuncaklarımla,2
arabanın,1
gelmişler,1
deniz,11
denizin,1
çiçekler,1
yürüyorlar,4
koyacaz,1
kedimi,2
gösteriyimmi,1
kedim,1
istermsin,1
rastlamış,1
Muratcım,4
kaybettim,1
kırdı,1
kedisiz,1
kaldım,2
kırdılar,1
şımdı,2
Musa,2
girdirdin,1
koymuştun,1
çıkartırmısın,1
arkasını,1
Murat,11
Tayyarın,2
uçağı,2
pirayelerde,1
caddelerde,1
çözmüşler,1
kayığı,1
yanmış,1
kayık,1
tabancayla,1
vurmuş,1
korkarsa,1
yapabiliyormusun,1
gazinoya,1
tırmandı,1
kimsiniz,2
Tayyarlara,1
oluncamı,1
sünnetçiler,1
karpuz,1
kuran,1
uzakta,2
konuşacağız,2
alda,1
götürdüm,1
halaya,1
gitmedik,1
denizi,2
yüzdün,1
sinemanın,2
sandalyelerin,1
yaşamak,1
uçarlarmı,2
onların,5
motoru,5
motor,1
benzer,2
çıkınca,4
yüzermi,3
denizlerde,1
nehirlerde,1
mikrofon,2
mühim,1
saatin,3
hayvanımı,1
Ozlem,10
hayvansız,1
eşeğim,1
binip,1
gidiyorum,2
şakacıktan,1
binmiyorum,1
çantamdan,1
olursan,1
okuyalım,2
daireye,2
gidemedim,1
Ozlemin,1
Sema,2
öğretmeni,2
Ozlemi,1
Ozlemcim,3
seviorsun,1
üzülmüş,1
hastalanmış,3
okuldaki,1
döven,1
hırkalıyı,1
görmüş,1
gelmemiş,1
bağıracağız,1
degılmi,3
ellemesinler,1
pompayla,1
verecekler,1
pencereye,1
çıkıp,1
döveceksin,1
değılmi,1
bagıracaz,1
diyilmi,1
televizyonunuz,1
hastalandı,1
tamire,3
Herbie,2
bilmiyormuş,1
arabamızın,1
penceresi,2
nokta,3
virgül,1
görsün,2
benimi,1
gagasını,1
çizgi,1
yuvarlak,2
çizdikmi,1
tamamlanır,1
suratı,1
başı,2
ögretti,1
başında,1
saçın,1
ağzım,1
tadı,1
tuzlu,1
tereyağında,1
kızarttım,1
göstermiyorsunki,1
görmüyorum,4
beyendim,8
Hakana,1
misketleri,3
seviyormuymuş,1
teyzesi,1
Ozleme,1
piyano,3
öğretecek,1
çalacak,3
çalınır,1
çalmak,1
ısırmasın,3
almayalım,1
jet,1
pilotumuydu,1
amcanıza,1
Gürol,1
ağlıyordu,1
aşkolsun,1
düşürüyorsun,1
şeylerini,1
silafonun,1
şeyleri,1
silofonu,1
çın,2
cın,1
getirmişti,1
yenge,1
pastası,1
geçiriyorsun,1
gidiceksin,2
götürecekmiyim,1
özler,1
Herbieyi,1
göstersene,3
öğretmene,2
Ozlemcım,1
benlen,4
konuşmuyorsun,2
konuşsana,1
yavrucuğum,1
arkamda,1
yazıyorum,1
bulaşık,2
yıkıyorsun,2
bulaşığı,1
yıkarken,1
rezil,1
üşüttünmü,1
dönmek,1
dönmem,2
dön,2
uf,2
saçım,1
hastayım,1
yıkadın,1
pabuçlar,1
uyursun,6
evdekileri,1
tutarım,1
süpürürler,1
once,1
upon,1
time,2
now,1
you,2
tell,1
konuşmanı,2
dinleteceğim,1
kuyun,1
Mahmut,1
neredeydin,2
olurken,1
değilmiydin,1
alıyoruz,8
anlatmazmı,1
basınca,1
açıcam,1
oynıyacağız,1
yatmak,1
they,2
bark,1
hikayeyi,1
dinledik,1
kurdu,1
anlatma,1
hocaya,1
inekler,6
yaklaştı,1
dinliyeceğiz,1
not,1
yet,1
hoş,1
sefa,1
nerelerdeydin,1
açıldımı,1
sular,1
kesilince,1
saati,1
bekledinmi,1
kavga,2
ediyorlar,4
kimlerin,1
Güllühanların,1
sopa,1
Muzaffer,1
gordünmü,2
tutuyorsunuz,1
yemeyi,1
kartal,1
anlatmıyormu,1
öğretmişti,1
abini,1
abinle,1
atçılık,1
kadına,1
etmek,2
vapuru,3
yapmamı,1
istemiştin,2
koymamı,1
komak,1
içe,1
doğru,5
duydun,1
Ozcanı,1
konuştu,1
Ozcan,2
kulaklarımı,1
açtım,1
aninoya,7
bilezik,2
aninonunki,1
kapıyorsun,2
kapıları,3
kapaman,1
mıymış,1
düşerler,1
birisi,4
oturuyormu,1
geminin,6
vapurun,5
birileri,1
oturmuyormu,1
kaptanı,3
gemiyi,1
bağırıyorsun,3
çalıştır,1
pervaneyi,1
buraları,2
boş,7
bırakmıssın,1
anlaşılan,1
yapsak,1
ağır,3
diymi,1
odana,1
gidelimmi,3
arabalarım,1
koyabiliriz,1
koyabilirsin,1
konabilir,1
vapuruna,3
biletçi,3
sokacaksın,2
sokuyordun,2
olayım,2
biletçiyi,1
konuşturayım,1
dan,6
açtık,2
gelin,9
arabalara,1
sıraya,1
kalkıyor,2
vutt,1
vutttttt,1
buu,1
çan,2
can,3
gelsinler,1
tüfek,2
korkuyormu,1
kaçacakmı,1
kaçıyorlar,1
kuvvetin,2
korkarım,2
korkuttun,1
uçagını,1
dütdürüt,1
askerler,2
çikaralımmı,1
kurtak,1
montaj,1
yarılmış,1
karşıda,2
kenarına,4
Muratlan,3
düşmüsmü,1
dikmiş,1
diktirmişler,1
varmiş,1
hastanede,1
acımişmı,1
koymuşlarmıydi,1
bant,5
Burçakcım,10
çarşıya,2
gitmiştin,2
Arı,2
Pastahanesıne,1
Pastahanesınde,1
kulüpte,1
kulüp,2
yüzmek,1
yüzebiliyormusun,4
simitsiz,2
yüzüyorsun,6
yzüyorsun,1
vurda,1
köpük,1
cıkarıyor,1
pervanesi,1
vapurlar,2
where,3
annino,1
şaka,8
inanmıyormusun,1
inanmıyorsun,2
habire,1
eyvah,3
ingilizce,1
konuşuyordun,1
tabışkana,1
atladıgımız,1
uzaktan,1
feneri,2
söndükten,1
koymasın,1
söyleriz,1
ninenin,1
nine,4
yerlerimi,1
temizliyeceğim,1
kirleniyor,2
kirletiyorsun,1
ütuyü,1
babacık,2
yazmıyormu,1
daktiloda,3
korkacaz,1
yazmıyor,1
korkutma,1
korkuyorum,2
aklım,1
terazini,1
tartıcaksın,1
terazisi,1
Ramazan,3
tartıyor,4
duymuyorum,4
eskiden,2
yiyormuydun,1
aninoyla,1
mektup,3
yaparmısin,1
zman,1
görelilm,1
yapcaksın,1
resmini,5
kulakları,1
Ozcanın,1
teyzeyi,3
Slobin,1
amcayı,1
pekiyi,2
rica,1
miyim,1
güzelmişim,1
bayıldım,1
burucuğun,1
burucuk,3
burucuğu,1
hikayesini,1
mikrofona,1
konuşmak,2
tutucam,1
bahsetsene,1
aninoylan,1
atladık,1
yallah,1
arabaylan,1
tabışkanla,2
alacam,1
Kadıköy,2
iskelesine,2
gidiyormuyuz,5
gitmiyormuyuz,1
vapurdan,1
almazsak,1
arabayla,1
veriyorlarmı,1
vermiyorlarmı,1
vermiyorlar,1
kulübe,2
yüzmeye,2
konuşmayacaksan,1
içecem,1
yüzerken,2
soyunuyormuyuz,1
soyunuyoruz,3
baylarda,1
takıyormuyum,1
takıyorum,1
mayo,1
giyiyormusun,1
giyiyorsun,1
ağladınmı,1
ağlıyorsun,1
kusuyormusun,1
kusuyorsun,1
vapurda,1
çalıstır,1
diyormusun,1
Kerem,1
nıcin,4
helikopter,2
Burcak,4
konuşmadan,1
üzülürüm,1
açma,1
üzüldüm,1
anino,4
yemekler,2
kıyma,1
pirzola,2
öğlenleyin,2
yiyecez,1
içeceğiz,1
tutuyormusun,2
yüzerlermi,2
baıkların,1
balığin,2
yüzgeçleri,1
ayagı,1
gemiler,1
gemilerden,1
kuyruğun,1
yüzgeçlerin,1
yarar,1
değilmı,1
yara,6
düştünmü,2
sinekler,1
yapmadımı,1
ücar,1
ücabiliyormusun,1
kanatların,1
komşunun,1
köpegı,1
gezmiyormu,1
dövmüş,1
tırmalıyormu,3
sevince,1
vermişlermi,1
ısırdım,1
kanayacak,1
Gökçen,1
koyacak,2
yaralarına,1
Nişantaşında,1
uyudumu,2
kanadı,3
yüzen,1
çekil,2
arıyor,2
atmış,4
adamı,2
hangisinin,1
kızmış,1
Aninöya,1
gidecekmiyiz,2
genceye,1
almışlar,1
kızmışmı,1
kaçıyormuş,1
üşüyecek,1
giymemiş,1
pijamasını,1
kışlıkları,1
kaldırıp,2
korkup,1
anlatırmışin,1
babanınki,1
yapıcaktı,1
silindiri,3
silindir,1
kırdın,1
gideceğiz,1
oynuyordur,2
çiftetelli,2
binicekmisin,1
biniceksin,4
binicek,1
binmiyecekmisin,1
gitmiyorsun,2
aninona,2
vericekmisin,1
binmek,1
vericeksin,1
fötou,1
alıyormusun,1
durmuyor,2
duramıyor,1
kamyonda,1
durdumu,1
edicez,1
tavana,1
oyuncakkların,1
üçak,1
ışıkları,1
neresini,3
sapı,3
yapıcaksın,8
edince,2
götürecekmiyiz,1
hozaranını,1
davulun,1
davul,1
davulunu,1
0nereye,1
bulabilirmiyim,1
unuttun,1
bah,1
diyecektin,5
tutuyorlar,1
napıcaksın,4
çikarıcaksın,1
yüzebilirmisin,2
yüzebilicekmisin,1
götürecekmisin,3
hamdiyi,1
karganı,1
masalıni,1
alırız,1
götürelimmi,2
karganın,3
peynirini,3
düzelt,1
topacı,1
kırılmış,1
sapını,1
kırılmışmı,1
etmedimi,1
onlan,5
kenarında,3
gidersek,2
uykumuzu,2
uyursak,2
uykunu,1
uyursan,1
napıcan,3
sürersem,1
sürersek,1
yaparsam,1
donuna,1
çişini,2
tank,5
şöför,3
tankın,1
şöförsüz,1
yürüyor,2
yürütüyor,1
kalkmış,2
koltuktan,1
tüfeğin,2
tahtalar,1
ortasına,2
aradın,2
tahtaların,1
oyuncaklarının,1
kısmı,2
ortadan,1
bulamdınmı,1
girermi,3
yaparız,2
aah,1
tüfeğini,2
bulamadım,1
napılıyor,1
indiriyorlar,1
dama,1
inmiyor,1
inememişmi,1
inemiyor,1
çıkamamışmı,1
ağaçta,1
indiriyor,1
takıyım,2
takabildinmi,1
bilmiş,1
itfaiyeciler,1
maymunum,1
söylemiş,2
nene,3
takamadım,2
taksın,1
direksiyon,3
itfaiye,1
amcalar,2
geliyorlar,1
çak,2
çakarsın,1
kovaları,1
kum,4
kovan,3
saatimi,1
onbeş,1
oniki,1
kalkıyorsun,2
heh,3
kule,2
yüksek,5
devrilir,1
alış,2
veriş,1
verişte,1
burayı,2
açılsın,1
kuleni,1
hık,1
kutuna,1
sarıyor,1
makara,2
öğretiyim,3
bantın,1
anlatayım,1
çıkarıyımmı,1
çıkaramıyorum,2
girmiyecek,1
çarpan,10
çarpanı,2
fiş,1
takıcam,2
yoo,1
taktığın,2
uç,1
kordonun,1
ucu,1
eder,3
arar,1
yırtma,1
ucunu,1
takmazsan,1
takmam,1
takmadın,1
çalışıyormu,2
çalışmadımı,1
bitmişmi,1
alsın,5
bastığın,1
düğme,1
Güneşin,2
getirdiği,2
tapanca,2
demiycektin,1
tabance,1
demiyecektin,1
tırman,2
tabancası,3
tırmandın,1
kırılıcağa,1
topal,3
ayının,2
bacakları,3
Slobine,1
çıkarmıyordun,2
çıkarabilirsin,1
gittiğini,1
söyliyecekmisin,2
teybin,2
tekerleği,2
içi,2
kapattı,1
ıste,1
bakmak,2
çıkarttım,1
bakmış,1
arıyorsun,5
makaraları,1
kabın,1
kapağın,1
makarayı,1
kapatıyım,1
hii,1
kaldırdık,1
koyıyım,1
inerken,2
Bismillah,1
çarpayımmı,1
çarptığı,1
arabasının,1
çarptıgı,1
okyabilirmisin,1
başımıza,1
çarpar,1
çarparsam,1
başımı,1
bam,1
çıplak,1
ayaklan,1
basarsan,1
yatağın,6
olmasaydı,5
uyurdun,5
hastaydın,1
şurup,3
içmeseydin,2
olurdu,4
ağlıycam,2
ağlıyımmı,2
çevireyim,1
pantolonlarını,2
yıkamasaydı,2
giyerdin,7
çivisi,1
yersen,1
pazuların,6
uyku,2
tulumun,1
Pijaman,1
kaldırıyorsun,1
kuvvetli,5
ayır,3
diğilmi,1
kapamazsa,2
çivi,2
vida,1
çekilmezsem,8
oyuncaklardan,1
ağbinlen,4
Taunuşu,1
ağbinin,2
Taunuşunlan,1
sigaramı,2
elindekilerlen,1
sokuyorsun,1
girmek,1
istemesinler,1
camın,1
koşuyormusun,12
oyuncağım,1
bırakamam,1
kiminlen,3
traktörü,2
bırakmıyacağım,1
sual,1
boyar,1
süpürürmü,1
temizlermi,1
silermi,1
siler,1
ile,2
bozuyorum,2
baka,1
kırmıyorum,2
kaldıracam,1
heykel,1
sepeti,1
dikkat,2
çaldırdın,1
bey,4
Nuran,1
dedenin,1
ayrıyeten,1
Tahlip,1
anneannenin,2
Fenerde,1
kırılmıyormu,1
kızmıyormu,1
soğukta,1
kalıyorlar,1
eden,1
adamlar,2
camlar,1
pahalı,4
pahalıymış,1
paran,3
paraylan,1
gösterecekmisin,1
kazağa,1
ördü,4
giydinmi,1
Melahata,1
tabancaları,1
tabancanın,3
tetik,1
namlusu,1
patlıyormu,1
koyunca,2
yanarmı,2
kılıç,3
kesermi,2
uzunmuş,1
kılıcın,1
bunlarlan,2
Musanın,1
yediler,1
benziyormuydu,1
atıyorlar,1
içse,1
bisküvi,2
bisküviler,1
tabaklar,1
tabakları,1
bisküvitlerini,1
kurabiye,2
yumurtalı,1
ekmek,3
Yalcınla,1
yemeğimizi,1
bitirelim,1
konuşuyoruz,1
ahbaplık,1
ediyoruz,1
Yalçınla,1
cıkıyormusunuz,1
sallanıyorsunuz,1
aşagıdaki,1
oynu,1
Marmaris,1
tatil,1
köyü,1
Marmarişte,2
yüzdünmü,1
yüzdüm,2
girdim,1
içmesini,1
tuttumu,1
Aysel,1
ölçerim,1
ölçücez,1
boyunu,1
boyun,1
doksandört,1
santim,1
boyum,1
taraf,1
oralara,1
bebğin,1
bebeklerin,4
kenara,1
yapmayacakmısın,1
yapamazsın,1
deyince,1
yapmıyormusun,1
hizmetçi,1
Volswageni,1
kazı,1
tavşanı,1
geyik,2
oynuyacağız,5
gidecem,2
gitmem,1
dolduruyorsun,1
boşalt,1
masaya,1
uyumuycakmısın,1
toplayım,1
gelirse,1
giydireyim,1
uğraşma,1
çamaşırlarımla,1
çıkarttın,1
üstlerini,1
yıkayabiliormusun,1
çamaşırlar,1
soyuyorsun,1
tuvalet,1
bahsediyorduk,1
balıkçı,1
kebapçıya,1
sevdi,1
hanımı,1
limonata,2
içsin,2
domuza,1
içir,1
susamışmı,1
yem,2
veriyormusun,3
tokum,1
fazla,1
etmişim,1
karnım,1
tok,1
yiyebilirsin,1
yatmayacakmısın,1
yatmıyacaksın,1
yüzdüğünü,1
konuşta,1
ısırırmısın,1
ısırırsın,1
başıma,1
kapanıyor,1
kapatamazsınki,1
kaçmış,1
Beyza,2
ısırmaz,1
dürüst,3
vermiyor,3
gelmeyecem,1
Zeynep,5
tutarmı,1
ufacık,1
biryere,2
yazsana,1
paketin,1
şurasını,1
kapayım,1
çıkarmıyorsunki,1
konuşsan,1
anlatsan,1
söylede,1
güzelcene,1
gittiysen,1
sinemayı,1
lunaparkta,1
yapıyorlarmı,1
gitiinmi,1
biryer,1
bahçesini,1
beyenmiyorsun,1
kaldırayımda,1
Cocuk,1
bahçe,5
havuzu,2
küregin,1
salıncaklar,2
kaldırıyorlarmı,1
kaldırıyorlar,1
kızıyor,1
oynayamıyor,1
çunkü,1
salıncağa,1
salıncağın,1
oturacağı,1
alldırıyorlar,1
salıncağı,1
fikir,1
duvara,1
sallanıyorsun,1
örtü,2
yapıyım,1
getiriyormu,2
kürek,1
kalıp,3
çıkarıyormusun,1
çıkarılır,1
suyla,1
ıslatırsın,1
kumu,1
doldurursun,1
kovaların,1
çevirirsin,1
kale,2
girmiyormusun,1
suya,1
Kumburgaz,2
güzeldir,1
Kumburgaza,1
bindinizde,1
bindiniz,2
uzak,1
sıkıldınmi,1
Fundaylan,1
Küçüksuya,1
vapurla,1
yüzdük,2
geldik,3
Kumburgazdaki,1
dayının,1
ötekisi,1
Aykutla,1
Ayfer,1
hastaydı,1
iyileştimi,1
gittimi,4
Fuat,5
Ağalday,1
gelmesin,1
sevmiyor,1
konuşabiliyormu,1
konuşuyor,2
abdik,1
asalım,1
getirdiler,1
patikler,1
boyalı,2
patik,1
bebekmisin,1
koparttı,1
kopartınca,1
yapışkan,2
sardım,1
eli,1
döner,1
yapışkanı,4
yapıştıracaz,1
yapışmadı,1
sürünce,1
oynasınlarmı,1
koşsunlar,2
elele,1
tutuşup,1
koşabilirler,1
gidebilirler,1
perdesi,1
koşa,4
koştular,1
filimi,2
filmin,1
Soray,1
artistlerden,1
artist,1
ilahi,1
erkeklerle,1
diyorlar,2
adına,1
maçı,1
takımlar,1
takımı,1
tutuyorsun,1
Fenerbahçeliyim,1
takımdan,2
soralım,2
Galatasaraylıymış,1
takımdansınız,1
bugünlerde,1
Zeynepe,1
soruyum,2
insanlardan,1
kitabın,1
elbiseni,1
kazakçı,1
gideli,1
yatıyoruz,1
üçte,1
süslüyormu,2
kirpiklerini,1
buradayken,1
gezmeyemi,1
konuşursan,1
kirlendiği,1
gelmiyecek,1
çalacam,1
bitirelimde,1
işimizi,1
dağıtmadan,1
gitmez,3
boncuklara,1
dokunmak,1
dağılıyor,1
alırsınız,1
çıkamıyorumki,1
çıkıyormu,2
ayakkabılar,1
görmiyeli,2
geldinmi,1
hastalanmadın,1
acıttı,1
Han,2
öldürdü,2
yatar,3
kardeşlerin,1
cıkardın,1
bardakla,1
Derya,1
yıkanır,2
dersi,1
duracak,2
bağlamadım,1
pijama,3
giydi,1
sincaba,1
koştursana,1
bez,1
birşeyimiz,1
otobüsü,1
Füsuncuğum,5
girmedi,1
etekliğini,1
beğendim,2
ütülesene,1
ütülermisin,1
atılmaz,1
bluzu,1
ütüle,2
Füsun,3
bacağina,1
ütule,1
ütüleri,2
çalıştırma,1
çalıştıralım,1
koşturabilirmisin,1
atla,2
oynamanı,1
isterim,1
okunuyor,1
amin,1
san,1
binebilirler,1
hanım,5
tık,2
deveye,1
insin,1
deveyi,1
koştursun,1
gitsinlermi,1
içecekmiş,1
yıkandılarmı,1
kurusunlar,1
kıvır,1
kıvırabilirmiyim,1
kedisiymiş,1
demi,1
annler,1
susamış,1
fincani,1
bardaktan,1
içemez,1
kullansın,1
konsun,2
kondu,1
tepelerden,1
kenar,1
giydiriyim,1
şapkayı,1
dışardan,2
uluyor,1
ısırmaya,1
ısırsınmı,3
çağırsak,1
baksın,2
aldımı,1
düzelteyimmi,2
yüzebilirmi,1
alıyormusunuz,1
yapmaz,1
Kumbur,1
Kazağı,1
Kazağında,1
kestin,2
şişireceksin,1
okadar,1
korkmadımı,1
korkmadı,1
yaaa,1
felan,2
yapmıyacan,1
doğrusunu,2
kelemlen,2
uuuh,1
alınmazmı,1
zamanken,1
ütulüyor,1
lüzum,2
götürmuşlerdi,1
radyoyu,1
mıydi,1
kaldırabilirmisin,1
tablayı,2
çalışsın,1
tabla,1
isim,2
Uğur,1
Cemile,4
yanındaki,1
damat,1
yanındakinin,1
fevkalade,1
patiklerine,1
alalı,1
kulağında,1
yüzüğünü,1
görebilirmiyim,2
yengen,3
Serap,1
yüzük,1
çantan,1
çantanın,1
defteri,2
sevdim,1
ağladın,1
yapmışsın,1
yemesini,1
sevdiğin,1
bile,1
coca,1
cola,1
öğlen,1
çorbadan,1
pişirdim,1
pırasa,1
limon,1
sıktınmı,1
hiçkimse,2
bebeklerinlen,1
saçlı,1
koşmazlarmı,1
yürürler,1
örmüş,1
ablaylan,1
Tayfuna,1
Tayfunu,1
Tayfunlan,1
oynadınmı,4
karanlıkta,2
müsaade,1
etmiyorum,1
gittiğin,1
oyuncağından,1
arabamı,1
sokaklardan,1
geçiyormu,1
kalabalık,1
dolmuşa,2
bindinmi,5
buluyum,1
kreminin,1
Füsuncum,2
evini,1
oturuyorsun,3
uyuyorum,1
daireden,1
yaşar,3
Güney,1
Amerikada,1
Perüda,1
İstanbulda,2
tekir,1
içmezler,2
ölürler,1
fare,1
yakalarlar,1
boyamışsın,1
boyadın,1
halısı,1
serdim,2
yatır,5
masaymış,1
yiyeceklermiş,1
uyuyorlar,5
devrildiler,1
uyurken,1
ısırmış,3
mekik,2
mikrofonu,1
sarıyorum,1
yürüyebiliyorlar,1
defterim,1
elimde,5
yüzsünmü,1
naıl,2
tabağın,1
kuyruk,1
yüzgeç,1
silgi,1
çiziyor,1
Leventcim,1
fincana,1
Levent,13
Yalovaya,2
ilkin,2
banyoda,2
yıkandınmı,2
yıkandın,1
öğretmenine,1
dinliyor,1
havlu,1
giydiniz,2
karıştırdık,1
salıncakları,2
enişten,8
Yalovadan,1
şişmanladın,2
poaça,2
yemişsindir,1
mercedes,1
beğendinmi,1
aldırma,1
tuhaf,1
ablan,5
anaokuluna,2
cocuklar,1
sıvaşıyormu,2
selam,2
olarak,2
dişarıya,1
yemeklik,2
dükkanda,3
pazar,2
günleri,1
özlüyormusun,2
enişteni,1
topunla,1
vermiştim,1
halana,1
eniştene,1
Akbank,3
turkçeye,1
benzedi,1
yolun,2
silme,4
taksi,1
mercedesi,1
yuvarlaklar,2
şeyini,3
halanı,2
sein,1
pişirmiyormu,2
saysana,2
şarki,1
saklamaya,1
saklarsın,1
Tancım,2
desene,1
getirdiklerini,1
açsana,1
kapağını,2
gülsün,1
cıkarıyım,2
niyetin,1
nerdesin,1
Tan,12
bulamaz,1
karsıda,1
mutta,1
aynısı,1
yapılıyor,1
kutusu,3
oynat,1
cöcuklar,1
oynayacaklar,1
oynatırım,1
oynatıyorum,1
vermem,5
uyudunmu,2
uyudun,4
oturdun,1
bozdu,1
uyudu,1
süslendimi,1
süslendi,1
adida,1
süpürdümü,1
aksam,1
okuyacakmı,1
okuyacak,1
çıkıyorlar,1
anneannene,1
babaanen,1
bırakıp,1
kaloriferler,1
yanıyormu,1
yakmıyor,1
kapıcı,1
pisiler,1
halada,1
Mustafayla,1
kokolar,1
sönünce,1
elektrikler,1
Nane,1
did,1
leg,1
hurt,1
bezlemi,1
yapıcakmısın,1
were,1
gping,1
nerelere,1
sürü,2
oturduğun,2
örtmüyormusun,1
düştümü,1
saklıyormusun,1
arasın,2
madem,1
saklandı,1
saklanacak,1
arayacak,1
aramayacak,1
Mıstık,2
söylüyeceğim,1
anlatalım,1
gitmişlerdi,2
bacası,2
geldiği,1
vuruyorlar,1
çıkaracaksın,1
uyusun,1
soracam,1
dünkü,1
uçağin,1
Mustafa,10
dönmüyormu,1
bozulmuş,2
uyurmusun,1
penceresinden,1
yoktu,1
Mıstik,1
bekçi,2
bekcı,1
Hasan,1
adi,1
annemin,1
götürüyormu,2
götürmüyormu,1
koparma,1
kırarsın,1
koparırsan,1
bozarım,1
kopartmak,1
götürsünmü,1
Kezban,5
akşamki,1
dinlemiyorsun,1
çalmıştı,1
lay,7
çaldı,1
salıncaklara,2
bindilermi,1
Mustafacım,1
oyuncağın,1
ayısı,1
çalayım,1
toplayalım,1
dşarıya,1
çiktınmı,1
koştün,1
koştunuz,2
taşla,1
amcayla,1
inekle,1
çıkarıyormu,1
kuyruğunu,1
nee,2
oynuyalımmı,1
çalabiliyormusun,1
çalmıyorsun,1
örtüsüne,1
gülün,1
ortasında,2
yapraklar,1
güller,1
güllerimiz,1
düşünürüz,1
bağlı,1
bisikletini,2
getirecem,1
iyimiydi,1
havluyu,1
sıcakmıydı,1
evinizin,1
biniyormusun,1
verirmisiniz,1
anlatmadın,1
poğaça,1
yolluyor,1
şekerpare,1
götürelim,1
tarafına,1
cumartesi,1
enişteyi,1
topunlan,1
kalemsiiz,1
yapacaaksın,1
Mercedes,1
okuduğunu,1
gotürüyor,1
pastahanede,1
yarin,1
dişçide,1
baktılarmı,1
evimize,1
Barboroşa,1
uğrıyalım,1
biliyormmusun,1
söylüyorum,1
içtim,1
sıkıyormu,1
çıkarttık,1
boncukları,7
giriyormu,1
şapkaların,1
şapkanın,1
oynasın,2
içersine,2
dönmüşmüydü,1
dönmüştür,1
koştu,1
Müge,2
koştunuzmu,1
Mügeylen,2
Mügeyle,1
oynamıyormusun,3
çocukla,1
aletlerin,1
aletlere,1
çekicini,1
Migros,1
göstermedin,1
aletleri,2
oyuncakçıdan,1
çekiç,2
oyuncakçı,1
masalcı,1
pilli,8
duysun,1
yavrusunu,1
alıp,4
gidiyorlarmıs,1
ormana,2
varmıymış,3
otobüsüymüş,1
oturuyormuş,3
yapmağa,1
dadın,2
bırakmışmı,1
sevmiyormu,1
dadısız,1
kalacaksın,1
kalacan,1
buradaki,1
topların,1
ellerinlen,1
ayağınlan,1
futbbol,1
gösterdi,2
düzeldimi,1
soy,1
Cayan,1
bıraktı,1
batar,1
verebilirim,1
taze,1
bulabiliyormusunuz,1
fırın,6
çarşıda,1
bakkaldan,1
dadı,1
süpürgeylen,1
bozulmuştu,1
ettik,1
vermeyeceğim,1
aletlerini,1
tutmaya,2
karşıya,1
götürmedimi,1
balığımı,2
balığım,1
bakın,1
ısırırmış,1
ısırırsınız,1
anlatırmısınız,1
mikrofonlan,1
giremezsinki,1
girebilirmisin,1
mikrofonla,1
kezban,1
sesle,3
hadisi,1
yürümez,1
gösterimmi,1
tanesi,2
pantolonun,3
çekmecesinde,3
dolabın,1
Cok,1
saatle,1
açılmıyor,3
kaldırırım,1
gitme,1
söyliyeyimmi,1
benle,1
takayımmı,1
takılıyor,1
takabilirmisin,1
siliyor,2
yolu,1
ıh,2
karşında,1
kollarına,1
girerse,1
almayacağım,1
kırılmadımı,1
oynatacam,1
kardeşlere,1
boynumda,1
boncuklardan,1
dondurmacıyı,1
dondurmacı,1
dondurmayı,2
bakarlar,1
çalındı,1
dediğimi,1
etc,1
değıl,1
koyalim,1
karmakarışık,3
söktün,1
takabiliyormusun,1
parkın,1
girer,2
edeyim,1
ettim,1
Alper,9
kayıpmı,1
düşmemiş,1
beğenmedim,1
tıkma,1
bozuluyor,2
tıktığın,1
koymuşsun,1
üstündekimi,1
kuşaği,1
ayakkabıları,1
çıkmazki,1
edecekler,1
day,1
la,1
kimseylen,1
Fatoşlan,1
görmesekte,1
fırınlan,1
böbrek,1
bardağınıda,1
dişarıda,1
komşularmı,1
dışarıgidiyormusun,1
dışarıgitmeyi,1
oturuyormusun,1
tahtanın,2
olmasın,1
resimmi,1
şurasına,1
elimdekini,1
hepimize,1
ensene,1
koyacam,1
benım,2
gözüm,1
yanar,1
gözüme,1
yersem,1
yiyimmi,1
peh,1
tuzsuz,1
eksik,2
birşeysi,2
biberi,1
parmağın,1
çaliş,1
yapta,1
silgisi,2
atmadınmı,1
çaldımı,1
yapacaksan,1
resmiymiş,1
Zuhale,1
iyimi,2
Zuhalle,1
Nihali,1
oğlen,1
uykusuna,1
yüzünu,1
söylüyormu,1
yiyormuş,2
yemedin,1
yokki,1
kuşum,1
dairesine,1
kitaptan,1
buluştuk,1
rezalet,1
bitir,1
götürecekmi,1
sofrada,1
tanesini,1
oğlanlara,1
tiniz,1
yoktun,1
diktirdi,1
dikyi,1
elbisesini,1
pakette,1
götürdünde,1
girebilirmi,1
gelemedin,1
Hacı,1
dayın,2
gelmişti,1
kalmadımı,1
Tarkanlar,1
şeysi,1
dışarida,1
üşüyormusun,1
koşmak,2
Osmanlan,1
Pirayeciğim,1
olsaydı,1
oynayacaktı,1
kızlarla,1
Işılla,3
karşıki,1
içmek,1
çayımız,1
etmiyormu,1
yünden,1
boyanacakmı,1
badana,1
boyandı,1
diyordum,1
süslenmiyormu,1
çalışmıyormu,1
mektupta,1
kediden,1
tırmalasın,2
tırnağı,1
erikle,1
yokmuymuş,1
vermemişmi,1
Fundanın,4
veremeyiz,1
Fundaya,1
sormak,1
istermi,1
isterlerse,1
söylerler,1
istediklerini,1
annelerine,1
söyleyebilirlermi,1
çırılçıplak,1
tüyleri,1
kedilerin,2
yürümüyormu,1
kalkacakta,1
eee,1
kurtlardan,1
Gülhane,1
Parkında,1
korkmuyor,1
halalara,1
oltalar,1
yatarak,1
uyumaz,1
durdukları,1
sessiz,1
hareketsiz,1
uyuyordu,1
kopmus,1
Boncuk,1
pamuk,1
oynanır,2
yatırıyorsun,1
martı,3
versem,1
aldılar,1
yaşındaydın,1
sürer,1
dudaklarına,1
sürermi,1
tarar,1
süpürürüz,1
okşadı,1
kokladı,1
çimdikledi,1
yalasın,1
deve,1
kepçeyle,1
yıkarsın,1
yedirirdik,1
kemiği,1
yerdi,1
yatıcan,1
cezveye,1
hyvanları,1
oynarlarmı,1
kuşa,1
kurta,1
işırır,1
uzunmu,1
Ayşegülü,2
Sibel,1
makina,1
basık,1
açıyım,1
bırakacaz,1
alamazsın,1
birer,1
getirdim,1
oyuncaklarım,1
edersen,1
elimi,2
yesinmi,1
teybim,1
mikrafon,3
telefonun,1
tutalım,1
çalıyım,1
çalınmaz,1
konuşuyorsun,3
mikrafonun,1
doluyor,1
bastırma,1
açılmazki,1
Arif,2
tavla,4
atamıyorum,1
bekliyor,1
ikimiz,1
türkü,1
mikrafonu,1
diyormu,1
açmayacağım,1
oyuncaklarınla,1
bunlari,1
adları,1
otursunlarmı,1
istiyormuymuş,1
Zehra,1
kaysın,1
kayacak,2
oturduğu,1
yatarmı,1
yatağını,1
yatsınlar,1
etek,1
giyiorlar,1
Fevzi,1
pişirirmi,1
ocağın,1
koyuyormu,1
ütülermi,1
elbbiselerini,1
süslüyor,1
elbiseyi,2
alıyım,1
köye,1
köyde,2
kuzular,1
ineklerden,2
sağdınmı,1
çıkartmak,1
yatırdın,1
oyuncaklarımı,4
karıştırma,1
yatıyoorsunuz,1
bağırıyormusun,1
hamsi,4
arkadaşınız,1
değilmiyim,2
veriorum,1
giderim,1
üşüyecekler,1
alırsan,1
örtüsü,1
beyeniormusun,1
pijamaları,1
yatarken,1
giyiyormu,1
gecelik,1
Alpe,1
alsana,1
jipini,1
oynuyalım,1
kanadımı,1
Kubilay,2
başın,1
Kubilaya,1
unutmadın,1
arkadaşının,1
atıyorsunuz,1
taşı,1
koşmaca,1
mutfakta,1
oynarken,1
almıştı,1
abinin,1
pisikleti,1
pisikletle,1
gezeceksin,1
kurtu,1
gördünüz,1
seyrediyordu,1
açarlar,1
yo,1
dükkan,1
yakınmı,1
gidecenmi,1
inekten,1
sağılırmı,1
batırıyor,2
batırıyormusun,1
kimseye,1
çöp,2
midir,1
temizlenir,1
banyo,1
kullanırlarmı,1
sabunu,1
yıkayabiliyorlarmı,1
kedilerle,1
edermi,1
aslanlarla,1
dövüyorlarmı,1
kahvaltıda,1
çayı,1
köpeklere,2
ağbinden,1
tanıyorsun,1
hangileri,1
serçe,2
kitabında,1
görde,1
hatırlarsın,1
toprak,1
solucan,2
civ,2
sebebi,1
tuttu,1
hakkında,1
tırmalarlarmı,1
insanı,2
pişiriyorsun,2
pişirirsin,2
pişirmiştik,2
uçarken,1
yediriyorsun,1
biliormusun,1
ibre,1
kuşunu,1
karıyı,1
çeşitli,1
Bop,1
koyuna,1
filimleri,1
yolunda,1
cüce,1
neredeler,1
sehpa,1
renkler,1
içerdekiler,1
Pelinciğim,3
kazarlar,1
kazıyorlar,1
arabam,1
sürüp,1
getirecekmisin,1
getirecen,1
bezi,1
vakit,1
geçiriyorsunuz,1
hazırlandınız,1
şapkalı,2
yakalaıyacak,1
boğazından,1
atacak,1
babaannesi,1
açmamış,1
Enginle,1
Enginin,1
kızlar,1
Pelinin,1
mamaları,1
yapıyyorsun,1
tertemiz,1
yastığın,1
duvardakileri,1
gözlerimi,1
kapıyayım,1
ayaklarım,1
Saimeyi,1
doyuruyorsun,1
tavuklarını,1
abi,1
ağlıyan,1
Pelini,1
kızsın,1
Engin,2
Engini,1
yatmıyor,1
Saie,1
gittikten,1
ai,2
iaa,1
korkacak,1
incitmez,1
binersin,1
gidiyorduk,1
